Media Source,Date,Text,Compound,Positive,Neutral,Negative,Tweets Number
CBS,Wed Jun 06 21:00:24 +0000 2018,Don‚Äôt miss a special performance from @springsteen this Sunday at the #TonyAwards: https://t.co/LYYdleaFwU https://t.co/IKkKoITH9y,0.2732,0.176,0.719,0.105,1
CBS,Wed Jun 06 00:08:30 +0000 2018,"RT @CBSThisMorning: .@SaraBareilles and @joshgroban are hosting this Sunday's @TheTonyAwards on @CBS! 

Wednesday, they'll join us LIVE on‚Ä¶",0.3595,0.128,0.872,0.0,2
CBS,Tue Jun 05 22:23:35 +0000 2018,"RT @SU2C: SU2C telecast Co-Executive Producer Bradley Cooper sits down with Mitch Carbon, a pediatric cancer survivor who benefited from #S‚Ä¶",-0.4404,0.1,0.723,0.177,3
CBS,Tue Jun 05 22:12:28 +0000 2018,RT @StrangeAngel: About last night... The #StrangeAngel screening party was a blast! Pun intended. üöÄüòè https://t.co/m64EcNmweY,0.4574,0.176,0.824,0.0,4
CBS,Tue Jun 05 19:00:02 +0000 2018,These CBS stars can really belt it out! Find out which celebs from your favorite shows are pitch-perfect:‚Ä¶ https://t.co/X4zMACFazB,0.5093,0.155,0.845,0.0,5
CBS,Tue Jun 05 15:04:41 +0000 2018,"More stars are set to appear at the #TonyAwards, including @billyjoel, @amyschumer, and @katharinemcphee. See who e‚Ä¶ https://t.co/lPUocBcn9t",0.0,0.0,1.0,0.0,6
CBS,Mon Jun 04 17:00:00 +0000 2018,"The #TonyAwards are just days away, and @joshgroban and @SaraBareilles will bring all they've got to Broadway's Big‚Ä¶ https://t.co/eKkWn6ClSq",0.0,0.0,1.0,0.0,7
CBS,Fri Jun 01 17:39:17 +0000 2018,"Call us old-fashioned, but we donut want you missing out on #NationalDonutDay! Here are a few treats from us to you‚Ä¶ https://t.co/HpzN8bQ3SO",-0.3903,0.062,0.807,0.131,8
CBS,Fri Jun 01 17:00:03 +0000 2018,Remember @Lin_Manuel‚Äôs beautiful sonnet from the 70th Annual Tony Awards¬Æ? Relive some of the greatest moments in‚Ä¶ https://t.co/IZjeQLd58C,0.8442,0.336,0.664,0.0,9
CBS,Thu May 31 23:50:00 +0000 2018,"Good friends @joshgroban and @SaraBareilles are hosting the #TonyAwards together? Well, this is bound to be fun! https://t.co/26Vgzp0s2e",0.8932,0.455,0.545,0.0,10
CBS,Wed May 30 15:07:34 +0000 2018,"The #TonyAwards just got even better because @UzoAduba, @MattBomer, and more stars will be presenting live! Find ou‚Ä¶ https://t.co/hfFBtWo1T9",0.4926,0.151,0.849,0.0,11
CBS,Mon May 28 21:00:01 +0000 2018,"Mark your calendars. @SalvationCBS returns Monday, June 25 at 9/8c! ‚òÑÔ∏è https://t.co/N9pYuhYLRF",0.0,0.0,1.0,0.0,12
CBS,Mon May 28 02:08:19 +0000 2018,RT @thegoodfight: All episodes of season 2 are now available. Stream #TheGoodFight on CBS All Access: https://t.co/k3tn8kR9KC https://t.co/‚Ä¶,0.0,0.0,1.0,0.0,13
CBS,Wed May 23 23:07:38 +0000 2018,Get the popcorn ready! üçø  It's going to be an unforgettable @survivorcbs finale. Make sure to tune in TONIGHT at 8/‚Ä¶ https://t.co/vp0JyqfXMQ,0.6239,0.211,0.789,0.0,14
CBS,Wed May 23 19:02:43 +0000 2018,"RT @StrangeAngel: Every brilliant mind has a dark side. #StrangeAngel launches June 14, only on CBS All Access. https://t.co/y0MZg1BzEB htt‚Ä¶",0.5859,0.174,0.826,0.0,15
CBS,Tue May 22 23:19:40 +0000 2018,Prepare yourself. The @NCIS_CBS season finale is unlike any other. Don't miss it TONIGHT at 8/7c. https://t.co/MOH6uiFc0C,0.1139,0.083,0.917,0.0,16
CBS,Tue May 22 20:02:22 +0000 2018,"Summer heats up with @CBSBigBrother, @SalvationCBS, and the brand-new competition series @TKOCBS. Find out when you‚Ä¶ https://t.co/DxE7OnKs17",0.0,0.0,1.0,0.0,17
CBS,Mon May 21 23:00:01 +0000 2018,Who‚Äôs going to be watching the season finale of @ManWithAPlan tonight? RT if you'll be tuning in at 8:30/7:30c! https://t.co/ARLRtVuGuc,0.0,0.0,1.0,0.0,18
CBS,Sun May 20 20:00:00 +0000 2018,The season finale of @MadamSecretary will leave you speechless! Make sure to tune in tonight at 10/9c. https://t.co/hqxkLZsWpl,0.3382,0.131,0.808,0.061,19
CBS,Sun May 20 17:00:01 +0000 2018,The @NCISLA season finale is going to be a wild ride. Don't miss all of the action starting TONIGHT at 8/7c! https://t.co/PNtUuVf9VQ,0.1867,0.08,0.92,0.0,20
CBS,Sat May 19 08:00:01 +0000 2018,Retweet if you're ready for the #RoyalWedding! https://t.co/k57NM7OrXn,0.4199,0.285,0.715,0.0,21
CBS,Fri May 18 21:00:01 +0000 2018,It's going down (literally) on the Season Finale of @HawaiiFive0CBS when a submarine appears off the coast of Waiki‚Ä¶ https://t.co/oD7Le5XUz6,0.0,0.0,1.0,0.0,22
CBS,Fri May 18 14:00:03 +0000 2018,"The #RoyalWedding is finally here, and you're invited! Join @CBSThisMorning‚Äôs @GayleKing and @etnow‚Äôs @KevinFrazier‚Ä¶ https://t.co/Q5xiRkXLUz",0.3595,0.151,0.849,0.0,23
CBS,Thu May 17 23:44:27 +0000 2018,When the @LifeInPiecesCBS season finale is back-to-back episodes. üëè Get ready for double the laughs at 9/8c! https://t.co/SYW5UzXobv,0.7177,0.285,0.715,0.0,24
CBS,Thu May 17 21:19:59 +0000 2018,Rules were made to be broken.üí• Don't miss the heart-pounding season finale of @swatcbs TONIGHT at 10/9c! https://t.co/NXLbeIrvcp,0.1867,0.093,0.907,0.0,25
CBS,Thu May 17 19:12:51 +0000 2018,"Is it fall yet? Check out the first looks at our new fall shows and stars from the CBS Upfront!

https://t.co/l7GQVRzRFw",0.0,0.0,1.0,0.0,26
CBS,Thu May 17 13:00:00 +0000 2018,How many shows can you binge in a month? Find out with a 1 month free trial of CBS All Access! Use code STREAMITALL‚Ä¶ https://t.co/yccQppCaxC,0.5562,0.146,0.854,0.0,27
CBS,Thu May 17 00:00:00 +0000 2018,"Save the dates! The CBS Fall lineup is here, and we're welcoming six new shows in addition to returning hits. Which‚Ä¶ https://t.co/f9PSQfpHL7",0.75,0.242,0.758,0.0,28
CBS,Wed May 16 22:56:24 +0000 2018,What happens when the friendliest guy in the Midwest moves his family next door to a not-so-friendly new LA neighbo‚Ä¶ https://t.co/KtEoNE3deL,0.5574,0.159,0.841,0.0,29
CBS,Wed May 16 22:56:24 +0000 2018,"When @MurphyBrownCBS returns to the news world, things sure won't be what they used to be! The revival of the groun‚Ä¶ https://t.co/jJcgyqyDxL",0.3802,0.11,0.89,0.0,30
CBS,Wed May 16 22:56:23 +0000 2018,"When decorated former Navy SEAL Thomas Magnum returns home to Hawaii, he embarks on a new mission: solving cases in‚Ä¶ https://t.co/6n2MWY3c2f",0.34,0.112,0.888,0.0,31
CBS,Wed May 16 22:56:23 +0000 2018,The ordinary turns extraordinary for this suburban couple when an exuberant young pop star unexpectedly moves in wi‚Ä¶ https://t.co/9xaAUSm5nm,0.5859,0.174,0.826,0.0,32
CBS,Wed May 16 22:56:23 +0000 2018,An outspoken atheist's life takes a surprising turn when he accepts a social media friend request from God! Watch w‚Ä¶ https://t.co/EbVbL0SNDk,0.8398,0.4,0.6,0.0,33
CBS,Wed May 16 22:56:23 +0000 2018,"When danger threatens the nation, these elite agents risk their lives to keep it safe. Join them on the case when n‚Ä¶ https://t.co/LuSY0jXBf9",-0.4588,0.163,0.577,0.26,34
CBS,Wed May 16 22:56:22 +0000 2018,Meet the new shows coming to CBS this fall!,0.0,0.0,1.0,0.0,35
CBS,Wed May 16 21:46:07 +0000 2018,So much TV to love! ‚ù§Ô∏è Be sure to follow the shows of the CBS 2018-2019 primetime lineup and stay up-to-date on the‚Ä¶ https://t.co/lQwGtznj5i,0.7777,0.236,0.764,0.0,36
CBS,Wed May 16 18:05:27 +0000 2018,"Every mission leaves its mark. Join us in the final mission to avenge Echo Team's deaths, tonight at 9/8c during th‚Ä¶ https://t.co/SlfprTVDgD",0.296,0.095,0.905,0.0,37
CBS,Wed May 16 13:52:57 +0000 2018,"Get ready for three new comedies, five new dramas and the return of the critically acclaimed @MurphyBrownCBS. Here'‚Ä¶ https://t.co/alHwUTRFKh",0.6369,0.234,0.766,0.0,38
CBS,Wed May 16 13:24:14 +0000 2018,"RT @happytogether: When an international pop star moves into your house, life gets a little more interesting! @wayansjr, @AmberoniStevens a‚Ä¶",0.46,0.143,0.857,0.0,39
CBS,Wed May 16 13:23:26 +0000 2018,"RT @TheNeighborhood: You can‚Äôt pick your neighbors, but Calvin sure wishes he could! @CedEntertainer stars in the new comedy #TheNeighborho‚Ä¶",0.8122,0.33,0.67,0.0,40
CBS,Tue May 15 20:16:38 +0000 2018,Tonight's the night - Agent Dwayne Pride's fate will be revealed. Don't miss the special two-hour season finale of‚Ä¶ https://t.co/52amkSiNcA,-0.2057,0.07,0.821,0.109,41
CBS,Mon May 14 20:59:11 +0000 2018,"Donuts down, hands up! Get ready for a dramatic turn on the finale of @SuperiorDonuts TONIGHT at 9/8c. üç©https://t.co/f5VSqOlRYu",0.4199,0.141,0.859,0.0,42
CBS,Mon May 14 18:17:23 +0000 2018,"RT @MagnumPICBS: Thomas Magnum is back on the case! @jay_hernandez stars in #MagnumPI, coming to #CBS. https://t.co/R1aURqMawD",0.0,0.0,1.0,0.0,43
CBS,Mon May 14 18:16:12 +0000 2018,"RT @GodFriendedMe: You never know who's going to send you a friend request. #GodFriendedMe, the new drama series starring @hall_m_brandon a‚Ä¶",0.4939,0.144,0.856,0.0,44
CBS,Mon May 14 18:15:36 +0000 2018,RT @TheRedLineCBS: Three Chicago families‚Äô lives converge in the wake of a mistaken shooting. From acclaimed producers @ava and @GBerlanti‚Ä¶,-0.3612,0.0,0.878,0.122,45
CBS,Mon May 14 18:15:08 +0000 2018,"RT @FamCBS: No family is perfect, especially this #FAM! @ninadobrev, @toneBell and @odessaadlon star in the new #CBS comedy #FAM. https://t‚Ä¶",0.6476,0.243,0.674,0.082,46
CBS,Mon May 14 18:14:46 +0000 2018,"RT @TheCodeCBS: Their code is honor, courage and commitment. They pursue military justice at home and abroad. #TheCode coming to #CBS. http‚Ä¶",0.9081,0.408,0.592,0.0,47
CBS,Mon May 14 18:14:22 +0000 2018,RT @FBICBS: Meet the FBI agents who are investigating the most dangerous cases threatening our nation. From Emmy Winner Dick Wolf and the t‚Ä¶,-0.762,0.111,0.586,0.303,48
CBS,Mon May 14 18:13:58 +0000 2018,RT @MurphyBrownCBS: The ground-breaking comedy returns. #MurphyBrown coming to #CBS. https://t.co/di8GXoVPjh,0.3612,0.2,0.8,0.0,49
CBS,Mon May 14 14:42:00 +0000 2018,RT @StrangeAngel: Play with fire. üî• #StrangeAngel launches June 14 on #CBSAllAccess. https://t.co/xiFSkVz1vB https://t.co/Aw3kGeHyj4,0.0,0.152,0.696,0.152,50
CBS,Sun May 13 13:16:14 +0000 2018,"Happy #MothersDay to the moms who comfort us, understand us, and keep us centered. We ‚ù§Ô∏è you. https://t.co/4YDmZrTGIC",0.7351,0.279,0.721,0.0,51
CBS,Fri May 11 23:00:40 +0000 2018,The more the merrier! CBS has ordered five more shows that just might become your new favorites next season:‚Ä¶ https://t.co/2g5OSj2xPu,0.7245,0.252,0.748,0.0,52
CBS,Fri May 11 20:55:08 +0000 2018,Thinking about the @BlueBloods_CBS season finale like‚Ä¶ Don‚Äôt miss the surprising reveal TONIGHT at 10/9c. https://t.co/8ExkPFpnFj,0.128,0.119,0.791,0.09,53
CBS,Thu May 10 23:11:17 +0000 2018,"Double the @MomCBS, double the fun! Anyone else feel like they hit the jackpot with the back-to-back Season Finale‚Ä¶ https://t.co/ebq8WJLKGf",0.7263,0.253,0.747,0.0,54
CBS,Thu May 10 19:24:10 +0000 2018,"2 suitors, 1 Meemaw and 1 Sheldon. You won‚Äôt want to miss the season finale of @YoungSheldon tonight at 8:30/7:30c. https://t.co/Hht2yRE7ly",-0.0772,0.069,0.847,0.085,55
CBS,Thu May 10 18:03:26 +0000 2018,Broadway's Biggest Night is around the corner! Who are you hoping to see? #TonyAwards2018 ‚ú® https://t.co/KLT8QCxWcK,0.4753,0.181,0.819,0.0,56
CBS,Thu May 10 15:30:40 +0000 2018,"The big day is finally here, and you‚Äôre invited. üë∞ Make sure to tune in to the @bigbangtheory‚Äôs star-studded #ShAmy‚Ä¶ https://t.co/la9E6tvQ5b",0.3182,0.108,0.892,0.0,57
CBS,Wed May 09 21:35:00 +0000 2018,"Before the #ShAmy wedding tomorrow, the @bigbangtheory stars &amp; special guests play a game of ""yay or nay"" with thes‚Ä¶ https://t.co/ZpCM16qOyT",0.8176,0.333,0.667,0.0,58
CBS,Wed May 09 19:36:24 +0000 2018,Get ready for more laughs! Learn more about the two new comedies coming to CBS: https://t.co/cpT3fd2RH5 https://t.co/NGrcp803zW,0.8395,0.391,0.609,0.0,59
CBS,Tue May 08 22:26:55 +0000 2018,"Goodbyes are never easy.  After 15 seasons, don‚Äôt miss Abby‚Äôs final episode of @NCIS_CBS tonight at 8/7c.  https://t.co/GTGj2YRJA1",-0.4599,0.0,0.8,0.2,60
CBS,Tue May 08 19:55:32 +0000 2018,Will you be watching the @BullCBS Season 2 Finale tonight at 9/8c? RT if your answer is yes! https://t.co/OxnyEDVsKj,0.4574,0.15,0.85,0.0,61
CBS,Tue May 08 17:18:20 +0000 2018,RT @thegoodfight: Listening to #QueenBaranski read fan tweets is like poetry. üòç Warning: this video will give you ALL the feels. ‚ò∫Ô∏è‚ù§Ô∏è #TheG‚Ä¶,0.34,0.183,0.725,0.092,62
CBS,Mon May 07 17:50:20 +0000 2018,"RT @KevinCanWaitCBS: Season 2 of #KevinCanWait comes to a close tonight, and @KevinJames and @LeahRemini have A LOT to say about it. https:‚Ä¶",0.0,0.0,1.0,0.0,63
CBS,Fri May 04 21:00:00 +0000 2018,Spend your Friday night with this dynamic duo! Tune in to the season finale of @MacGyverCBS at 8/7c on CBS and CBS‚Ä¶ https://t.co/AfWUVo4GSu,0.5093,0.13,0.87,0.0,64
CBS,Fri May 04 18:42:12 +0000 2018,RT @undercover_cbs: Get ready for the series premiere of #CelebrityBoss in just seven days! How would you react if your favorite celebrity‚Ä¶,0.6996,0.225,0.775,0.0,65
CBS,Fri May 04 14:48:42 +0000 2018,The force is strong on the set of @bigbangtheory! #MayThe4thBeWithYou https://t.co/uYyXKtuVCM,0.5562,0.264,0.736,0.0,66
CBS,Wed May 02 19:04:01 +0000 2018,RT @thegoodfight: The fight's not over yet. #TheGoodFight is renewed for Season 3. https://t.co/gUrDeA5KQP,0.0,0.0,1.0,0.0,67
CBS,Tue May 01 23:10:50 +0000 2018,RT @TKOCBS: Both @hwventure and @janemun have been named Executive Producers and showrunners of #TKO: TOTAL KNOCK OUT! Learn more about the‚Ä¶,0.0,0.0,1.0,0.0,68
CBS,Tue May 01 17:58:51 +0000 2018,"RT @StrangeAngel: Sex. Magick. Rocket Science. #StrangeAngel launches June 14, only on CBS All Access. https://t.co/I3sqWMASxl https://t.co‚Ä¶",0.0,0.0,1.0,0.0,69
CBS,Tue May 01 15:16:28 +0000 2018,"Broadway's Biggest Night will honor the best in theatre on Sunday, June 10! Here are the nominees for the‚Ä¶ https://t.co/tCiNaLGIvq",0.8268,0.299,0.701,0.0,70
CBS,Mon Apr 30 22:54:18 +0000 2018,We congratulate all of our CBS #DaytimeEmmy Award winners! Check out the stars who joined @TheTalkCBS hosts to cele‚Ä¶ https://t.co/JfUFINmYGH,0.8777,0.373,0.627,0.0,71
CBS,Mon Apr 30 13:28:01 +0000 2018,RT @KevinJames: Getting the band back together @AdamSandler @chrisrock @MikeDelguidice1 @KevinCanWaitCBS #KevinCanWait https://t.co/Mo5EWck‚Ä¶,0.0,0.0,1.0,0.0,72
CBS,Mon Apr 30 02:22:08 +0000 2018,See all of the stunning fashion looks from the @CBSDaytime stars on the #DaytimeEmmys red carpet:‚Ä¶ https://t.co/iJN1ssGPvZ,0.3818,0.14,0.86,0.0,73
CBS,Sun Apr 29 15:30:00 +0000 2018,The 45th annual #DaytimeEmmys are here! Congratulations to all of the wonderful @CBSDaytime stars and shows nominat‚Ä¶ https://t.co/xZhDSYnxL6,0.8356,0.33,0.67,0.0,74
CBS,Thu Apr 26 23:40:24 +0000 2018,These stars are going undercover for #CelebrityBoss! Find out more about Celebrity @undercover_cbs premiering May 1‚Ä¶ https://t.co/Deyn76ADT9,0.0,0.0,1.0,0.0,75
CBS,Wed Apr 25 21:48:49 +0000 2018,"New courage. New hope. New season. 

Season 3 of @CodeBlackCBS premieres TONIGHT at 10/9c on CBS! https://t.co/rR8xUCKlzI",0.75,0.313,0.687,0.0,76
CBS,Wed Apr 25 18:09:50 +0000 2018,Celebrate #DNADay by letting your forensic flag fly and revisit some classic episodes of @CSI_CBS on CBS All Access‚Ä¶ https://t.co/YCbHDK2r4b,0.5719,0.163,0.837,0.0,77
CBS,Wed Apr 25 16:55:33 +0000 2018,"Get ready for big reveals, dramatic conclusions, and huge guest stars! Find out more about the 2017-2018 season fin‚Ä¶ https://t.co/xcBChnjEvH",0.6239,0.221,0.779,0.0,78
CBS,Mon Apr 23 21:03:22 +0000 2018,Who‚Äôs ready to see these moves? üï∫ Tune in to the @latelateshow‚Äôs Carpool Karaoke Primetime Special TONIGHT at 10/9c! https://t.co/gjrURqXaPN,0.6696,0.244,0.756,0.0,79
CBS,Sun Apr 22 16:00:03 +0000 2018,"The 53rd #ACMawards turned into one big party when @KeithUrban and @juliamichaels performed their upbeat single ""Co‚Ä¶ https://t.co/Q3Zj3EzuNs",0.4019,0.137,0.863,0.0,80
CBS,Fri Apr 20 22:00:01 +0000 2018,A blind date was all it took. Learn more about Meghan Markle and her road to royalty from the people who know her b‚Ä¶ https://t.co/fEAMUblPQ4,-0.4019,0.0,0.895,0.105,81
CBS,Fri Apr 20 17:34:37 +0000 2018,RT @carrieunderwood: ICYMI! Watch Carrie‚Äôs performance of #CryPretty from the #ACMawards below! -TeamCU https://t.co/T9I3ko2xFu,0.0,0.0,1.0,0.0,82
CBS,Thu Apr 19 20:00:00 +0000 2018,There's a new addition to the cast of the upcoming revival of Murphy Brown!  Learn more about Tyne Daly's character‚Ä¶ https://t.co/ijSXSLyDaR,0.0,0.0,1.0,0.0,83
CBS,Thu Apr 19 19:00:02 +0000 2018,"Country superstar @LukeBryanOnline delivers his moving anthem ""Most People Are Good"" at the 53rd #ACMawards:‚Ä¶ https://t.co/GhhAsEDqmq",0.4877,0.174,0.826,0.0,84
CBS,Thu Apr 19 17:08:44 +0000 2018,"Coming to CBS All Access June 14, #StrangeAngel is inspired by the real life story of Jack Parsons and explores the‚Ä¶ https://t.co/IsPrXRNXye",0.4939,0.132,0.868,0.0,85
CBS,Wed Apr 18 21:00:01 +0000 2018,When you realize there are TWO episodes of @CrimMinds_CBS tonight! üëè Who‚Äôs ready for the double-episode season fina‚Ä¶ https://t.co/CWVAHHeIGr,0.4199,0.141,0.859,0.0,86
CBS,Wed Apr 18 18:57:45 +0000 2018,Giving you even more reasons to celebrate! üéâ See which CBS series are back for another year: https://t.co/O2LI0eJXTA https://t.co/H436kL1jSK,0.7688,0.294,0.706,0.0,87
CBS,Wed Apr 18 17:00:03 +0000 2018,"Watch country star @blakeshelton belt out his beautiful ballad ""I Lived It"" at the 53rd #AMCawards:‚Ä¶ https://t.co/w0WRmpQ6fk",0.5994,0.196,0.804,0.0,88
CBS,Wed Apr 18 15:14:39 +0000 2018,RT @joshgroban: I AM SO HAPPY I COULD CRY BUT ITS MIDNIGHT IN JAPAN SO I WILL SLEEP BUT ‚ÄºÔ∏è‚ÄºÔ∏è‚ÄºÔ∏è‚ÄºÔ∏èüë´üèÜüé≠üò≠üîú #TonyAwards2018 https://t.co/NLss47K6‚Ä¶,0.0903,0.14,0.736,0.125,89
CBS,Wed Apr 18 15:10:34 +0000 2018,Broadway stars @SaraBareilles and @joshgroban will host @TheTonyAwards on June 10! Hear how these multi-talented ar‚Ä¶ https://t.co/jy52FKd7t0,0.0,0.0,1.0,0.0,90
CBS,Tue Apr 17 00:26:33 +0000 2018,Can you believe it‚Äôs been 11 years since @taylorswift13‚Äôs first-ever performance at the #ACMawards?! Look back at t‚Ä¶ https://t.co/QHSPuJLLFb,0.0,0.0,1.0,0.0,91
CBS,Mon Apr 16 23:00:02 +0000 2018,Waiting for the @ScorpionCBS season finale to start like‚Ä¶ Tune in at 10/9c! https://t.co/peoDXtO707,0.0,0.0,1.0,0.0,92
CBS,Mon Apr 16 17:00:04 +0000 2018,Cast your vote! #ACMawards https://t.co/57ZN5gr6Y1,0.0,0.0,1.0,0.0,93
CBS,Mon Apr 16 16:02:49 +0000 2018,RT @CBSTweet: #CBSRatingsNews: #ACMawards Dominate on #CBS.  Over 12 million Total Viewers.  +11% year to year increase!  Biggest audience‚Ä¶,0.2714,0.123,0.806,0.071,94
CBS,Mon Apr 16 15:00:02 +0000 2018,"In case you missed it, watch the entire #ACMawards now: https://t.co/P3pgMJE2oh https://t.co/OOG2R0Mb4J",-0.296,0.0,0.833,0.167,95
CBS,Mon Apr 16 06:11:41 +0000 2018,Relive a night of all-star country music performances and epic wins at the #ACMawards. Stream the entire show:‚Ä¶ https://t.co/iA3SMVIhpA,0.5719,0.179,0.821,0.0,96
CBS,Mon Apr 16 06:00:00 +0000 2018,Multiple ACM Award Winners @KeithUrban and @carrieunderwood just added one more trophy to their collection with the‚Ä¶ https://t.co/rMGCzOeJQK,0.765,0.292,0.708,0.0,97
CBS,Mon Apr 16 05:55:00 +0000 2018,That's a wrap for the 53rd #ACMawards! üé¨ https://t.co/jM0HKud3d6,0.0,0.0,1.0,0.0,98
CBS,Mon Apr 16 05:30:00 +0000 2018,"To all of tonight's nominees, we tip our hats to you! ü§† #ACMawards https://t.co/eytEezfIgS",0.0,0.0,1.0,0.0,99
CBS,Mon Apr 16 05:00:00 +0000 2018,Retweet if you think @carrieunderwood looks beautiful tonight! #ACMawards https://t.co/sqefiLBcXd,0.636,0.318,0.682,0.0,100
BBC,Wed Jun 06 20:44:01 +0000 2018,"Tonight, award-winning writer Jeanette Winterson asks what we can learn from the Suffragette movement of a century‚Ä¶ https://t.co/K9P2GuRy7X",0.0,0.0,1.0,0.0,1
BBC,Wed Jun 06 20:04:00 +0000 2018,Comedian @JordBrookes joins @SusanCalman for #MrsBrightside - her brand new podcast about mental health from the po‚Ä¶ https://t.co/nIvQ5c2NNT,0.3818,0.14,0.86,0.0,2
BBC,Wed Jun 06 19:03:03 +0000 2018,"Tonight, #OurGirl actress @michkeegan uncovers some exceptional women on her family tree. üôãüíï

Who Do You Think You‚Ä¶ https://t.co/HDwdTyTqIw",0.0,0.0,1.0,0.0,3
BBC,Wed Jun 06 18:03:04 +0000 2018,No leaks (and better orgasms) - what you need to know about your pelvic floor. https://t.co/m8pGrbm71M,0.1779,0.16,0.718,0.122,4
BBC,Wed Jun 06 17:02:09 +0000 2018,"74 years on from D-Day, these infrared photos show WW2 bunkers in new light. üì∑ 
https://t.co/Dn2XKQ5jtZ https://t.co/Rqm91pIfj4",0.0,0.0,1.0,0.0,5
BBC,Wed Jun 06 16:00:01 +0000 2018,"There are more than 110,000 gang members in Honduras and they're tearing the country apart. https://t.co/ZF9M0iAvzb",0.0,0.0,1.0,0.0,6
BBC,Wed Jun 06 13:02:05 +0000 2018,From a French novel about the Burundi genocide to a Chilean mystery: add these titles to your book shelf this month‚Ä¶ https://t.co/T9AG8kvoPG,0.3182,0.108,0.892,0.0,7
BBC,Wed Jun 06 12:21:20 +0000 2018,"RT @BBC_ARoadshow: Fiona discovers more about suffragette Emily Wilding Davison, who died after throwing herself in front of the King's hor‚Ä¶",-0.5574,0.0,0.847,0.153,8
BBC,Wed Jun 06 12:03:06 +0000 2018,"Ethan Hawke relives the time when one of his co-stars DIED on stage. #TheGNShow

https://t.co/XIG2Y8OA7m",-0.6523,0.0,0.764,0.236,9
BBC,Wed Jun 06 11:02:02 +0000 2018,"In 1993, Steven Spielberg's film Jurassic Park defined dinosaurs for an entire generation... but does it make scien‚Ä¶ https://t.co/wLK4pyl9pv",0.0,0.0,1.0,0.0,10
BBC,Wed Jun 06 10:01:40 +0000 2018,"RT @BBCSpringwatch: Ever heard a beatboxing starling? üîä üîä

#Springwatch https://t.co/NC52eJ4MX0",0.0,0.0,1.0,0.0,11
BBC,Wed Jun 06 08:55:39 +0000 2018,RT @bbcthree: Madame Poole has been ballet dancing for an astounding seven decades. #HearHer https://t.co/X6ltLoANl7,0.4215,0.167,0.833,0.0,12
BBC,Wed Jun 06 08:55:13 +0000 2018,RT @BBCTwo: What if @BBCSpringwatch did #LoveIsland...? üíöüòÇ https://t.co/V7loYt8gpl,0.0,0.0,1.0,0.0,13
BBC,Wed Jun 06 08:55:07 +0000 2018,"RT @BBCFOUR: Here's a sneak preview of our brand new drama #Hidden. Starts Saturday, 9pm, @BBCFour. https://t.co/cibPD1hzr3 https://t.co/te‚Ä¶",0.0,0.0,1.0,0.0,14
BBC,Wed Jun 06 08:02:01 +0000 2018,"When Mona began to lose her sight, her 84-year-old husband did something amazing for her... üíÖüíÑ‚ù§Ô∏èÔ∏è

https://t.co/Qle1eoBU5x",0.2732,0.177,0.698,0.126,15
BBC,Wed Jun 06 07:31:01 +0000 2018,"We're all familiar with that sinking, nagging feeling we get when we realise we have made the wrong choice. üòü

But‚Ä¶ https://t.co/NPYZY5U43f",-0.6486,0.059,0.711,0.229,16
BBC,Wed Jun 06 07:04:04 +0000 2018,"üìªüê´ü¶Öüêºü¶à @GregJames has got a new co-host!

Sir David Attenborough becomes a @BBCR1 DJ at 5pm today... 

https://t.co/zHHtjBZZ9v",0.0,0.0,1.0,0.0,17
BBC,Tue Jun 05 19:25:03 +0000 2018,"'The problem with plastic is that it never goes away. It doesn't decompose. It defies nature.' 
#WorldEnvironmentDay https://t.co/Tkmj9qXzlK",-0.4019,0.0,0.863,0.137,18
BBC,Tue Jun 05 19:02:05 +0000 2018,"#OurGirl is back and heading to Nigeria in the fight against terror. 

Our Girl | 9pm | @BBCOne |‚Ä¶ https://t.co/epbhcujexD",-0.7184,0.0,0.727,0.273,19
BBC,Tue Jun 05 18:02:06 +0000 2018,"üë∂ü•¶ If your child's a fussy eater, here are 5 tips from scientist @Dr_C_Llewellyn. https://t.co/MOhdgXa96t",0.0,0.0,1.0,0.0,20
BBC,Tue Jun 05 16:50:46 +0000 2018,RT @BBCTwo: Always wanted to pitch an idea to the stars of #DragonsDen? Well here‚Äôs your chance! Reply to this tweet with your best busines‚Ä¶,0.8221,0.281,0.719,0.0,21
BBC,Tue Jun 05 16:31:52 +0000 2018,"üíî Fashion designer Kate Spade, 55, has been found dead in her New York apartment.
üëâ https://t.co/ku2uHiO0Nh https://t.co/sg40Mjbb12",-0.6486,0.0,0.777,0.223,22
BBC,Tue Jun 05 16:00:22 +0000 2018,‚ôªÔ∏èüóë These protesters want shops to take more responsibility for the overuse of plastic packaging.‚Ä¶ https://t.co/C4YX62DYWU,-0.1531,0.076,0.814,0.11,23
BBC,Tue Jun 05 13:01:07 +0000 2018,"‚ù§Ô∏èüòΩ This man has vowed to be the best 'cat dad' he can be after finding random kittens under his bed. 
üëâ‚Ä¶ https://t.co/fWsKzfv8s3",0.6369,0.16,0.84,0.0,24
BBC,Tue Jun 05 12:00:22 +0000 2018,"üòÇ These knitted Poldark dolls are the best!
#TheGNShow https://t.co/Mpc1dWzojg",0.6696,0.36,0.64,0.0,25
BBC,Tue Jun 05 11:12:05 +0000 2018,"RT @BBC_ARoadshow: From artists to explorers, suffragettes to swimmers #antiquesroadshow discovers the pioneering women who have help shape‚Ä¶",0.4019,0.137,0.863,0.0,26
BBC,Tue Jun 05 11:00:07 +0000 2018,"How does plastic actually enter our oceans? 
#WorldEnvironmentDay https://t.co/LdOt9inVFS",0.0,0.0,1.0,0.0,27
BBC,Tue Jun 05 10:45:52 +0000 2018,RT @BBCBreakfast: Have you got yours yet? #gingeremoji https://t.co/hKwIsLspYC,0.0,0.0,1.0,0.0,28
BBC,Tue Jun 05 10:34:07 +0000 2018,RT @bbcthree: 17-year-old Dillon upcycles clothes to help young homeless people feel confident going to school or for job interviews. https‚Ä¶,0.7096,0.237,0.763,0.0,29
BBC,Tue Jun 05 10:31:20 +0000 2018,"RT @BBCNews: ""I was disabled before it was popular.""

@LostVoiceGuy - aka Lee Ridley - is the first comedian to win Britain's Got Talent.‚Ä¶",0.7506,0.242,0.758,0.0,30
BBC,Tue Jun 05 10:21:33 +0000 2018,"üé®üôå Middle-earth in colour: How Tolkien drew his fantasy universe.
üëâ https://t.co/z754byqVpR https://t.co/Jr6PnQWvIU",0.0,0.0,1.0,0.0,31
BBC,Tue Jun 05 09:34:23 +0000 2018,"It's time to think about our plastic behaviour.
#WorldEnvironmentDay https://t.co/kSzSawpYLv",0.0,0.0,1.0,0.0,32
BBC,Tue Jun 05 08:01:03 +0000 2018,Some of Arthur C Clarke's predictions about the future were bang on... https://t.co/6M7UJv6Mmh,0.0,0.0,1.0,0.0,33
BBC,Tue Jun 05 07:29:04 +0000 2018,"üìé The psychology of stealing office supplies. 
üëâ https://t.co/vfXaRVYcwU https://t.co/zoPWJRXVtO",-0.5719,0.0,0.654,0.346,34
BBC,Tue Jun 05 07:00:11 +0000 2018,üí§ Ever wondered what your brain is up to while you're dreaming? https://t.co/2JHc0lFKbS,0.0,0.0,1.0,0.0,35
BBC,Mon Jun 04 19:03:02 +0000 2018,"Versailles is back! Tonight, Madame de Montespan finds out how to hurt a former friend...  

#Versailles | 9pm |‚Ä¶ https://t.co/5nEGyPoAp6",-0.5707,0.0,0.822,0.178,36
BBC,Mon Jun 04 18:31:05 +0000 2018,"The story of a group of working-class women conducting a dangerous campaign for the vote.

Suffragettes with‚Ä¶ https://t.co/RKwQbGQMdu",-0.4767,0.0,0.829,0.171,37
BBC,Mon Jun 04 18:02:05 +0000 2018,The moment a dancing off-duty FBI agent drops his gun performing backflip and accidentally shoots man in leg. https://t.co/FIu2mCjlyP,-0.5859,0.0,0.769,0.231,38
BBC,Mon Jun 04 17:01:13 +0000 2018,"üì∏ From #Manhattanhenge to the world's largest freshwater pearl, here are some of the most striking news photos take‚Ä¶ https://t.co/5Tp0s3MG7n",0.0,0.0,1.0,0.0,39
BBC,Mon Jun 04 16:01:04 +0000 2018,"ü§∑‚Äç‚ôÄÔ∏èüòÇ When @CubaGoodingJr took over @BBCBreakfast.
 https://t.co/XSPs0MOKoN",0.0,0.0,1.0,0.0,40
BBC,Mon Jun 04 13:03:05 +0000 2018,"üßî Bearded men have been taking pictures of themselves from below and it's freaking people out...
üëâ‚Ä¶ https://t.co/FQ9t0swX2t",-0.4215,0.0,0.851,0.149,41
BBC,Mon Jun 04 12:34:04 +0000 2018,RT @bbcdoctorwho: Every episode of #DoctorWho since 2005 is now available to watch on @BBCiPlayer‚Ä¶ Enjoy! https://t.co/uNWq307bei https://t‚Ä¶,0.5411,0.17,0.83,0.0,42
BBC,Mon Jun 04 12:01:05 +0000 2018,"‚ù§Ô∏è Ethan Hawke will be forever grateful to Robin Williams for helping launch his career.
#TheGNShow https://t.co/uYMvKQvuev",0.6369,0.257,0.743,0.0,43
BBC,Mon Jun 04 11:05:00 +0000 2018,"Would you describe yourself as a feminist?

#HearHer https://t.co/4UZzAu2IRO",0.0,0.0,1.0,0.0,44
BBC,Mon Jun 04 10:18:03 +0000 2018,"RT @BBCSpringwatch: Surely this is the only way to react to chicks fledging?! üòÇ We sure are excited here at #Springwatch HQ! 

Thanks for c‚Ä¶",0.8774,0.357,0.643,0.0,45
BBC,Mon Jun 04 08:00:15 +0000 2018,"üí° Brilliant idea! 

Plastic waste is being being recycled in to amazing furniture. https://t.co/cb0lSVhAFX",0.7263,0.381,0.483,0.135,46
BBC,Mon Jun 04 07:24:07 +0000 2018,"üìö Every story in the world has one of these six basic plots. 
üëâ https://t.co/eoZXHpOX4q https://t.co/YC6oLjIn1O",0.0,0.0,1.0,0.0,47
BBC,Mon Jun 04 07:00:15 +0000 2018,üì∏ü¶ä This photographer captures foxes in their most natural of habitats - the darkness. https://t.co/bkNUknwSAC,0.2006,0.166,0.715,0.119,48
BBC,Sun Jun 03 20:42:07 +0000 2018,RT @BBCTwo: Here's why @MrNishKumar wants The Spice Girls to stop right now. üòÇ #LiveAtTheApollo https://t.co/Beqy2kfFah,-0.296,0.0,0.864,0.136,49
BBC,Sun Jun 03 20:03:08 +0000 2018,"A documentary about the trial of Jeremy Thorpe, which has remained unseen for nearly 40 years. 

The Jeremy Thorpe‚Ä¶ https://t.co/jLEcBHG1Cx",0.0,0.0,1.0,0.0,50
BBC,Sun Jun 03 19:02:06 +0000 2018,"Comedian @frankieboyle is heading to Russia before the World Cup tournament begins. 

Frankie Goes to Russia | 9pm‚Ä¶ https://t.co/moLB9EGm1Q",0.3818,0.133,0.867,0.0,51
BBC,Sun Jun 03 18:03:06 +0000 2018,"Meet the bees who make their own cologne! üêùüá≤üáΩ

https://t.co/wGqJoNINS2",0.0,0.0,1.0,0.0,52
BBC,Sun Jun 03 17:04:02 +0000 2018,"ü¶Å Be a zoo keeper for the day
üö≤ Ride a bicycle made for two 
ü¶à Swim with sharks 

An eight-year-old boy has created‚Ä¶ https://t.co/PkrSoRzoXB",0.0,0.0,1.0,0.0,53
BBC,Sun Jun 03 16:10:18 +0000 2018,"ü¶ãüè∞üé• Lotte Reiniger, a forgotten pioneer of animation, was the first person to create an animated feature film in co‚Ä¶ https://t.co/GKBkpKVFjt",0.0516,0.095,0.818,0.086,54
BBC,Sun Jun 03 15:06:04 +0000 2018,"üíç‚ù§Ô∏è Guess that's a yes!
https://t.co/xLR4N7qtaZ",0.4574,0.428,0.572,0.0,55
BBC,Sun Jun 03 13:03:08 +0000 2018,Cow cuddling is the new wellness trend coming to a field near you... üêÆüíï https://t.co/jEwRFBzUJe https://t.co/zUzKHQ69oU,0.4404,0.172,0.828,0.0,56
BBC,Sun Jun 03 13:00:15 +0000 2018,RT @BBCOne: This audience member made Aidan Turner his own knitted Poldark doll - and it's so cute! #TheGNShow https://t.co/94h7BfhoPk,0.632,0.188,0.812,0.0,57
BBC,Sun Jun 03 12:03:08 +0000 2018,The one and only Jeff Goldblum reveals how to do 'the look' that every Jurassic Park actor does when they first see‚Ä¶ https://t.co/H8dOEmsDMr,0.0,0.0,1.0,0.0,58
BBC,Sun Jun 03 11:03:08 +0000 2018,These beautiful black and white photographs of London remained hidden in a loft for 30 years before they were disco‚Ä¶ https://t.co/F4PDR8kW81,0.5994,0.17,0.83,0.0,59
BBC,Sun Jun 03 10:30:00 +0000 2018,"The Queen loves the Highland pony and has set up a breeding programme to ensure they continue to survive. ‚ù§Ô∏è 

Coun‚Ä¶ https://t.co/S7fUN1WmK0",0.743,0.249,0.751,0.0,60
BBC,Sun Jun 03 10:04:05 +0000 2018,"These adorable baby hares snuggle together for warmth and comfort. üê∞üíï
https://t.co/LgJsY4XuHD",0.8271,0.492,0.508,0.0,61
BBC,Sun Jun 03 08:03:02 +0000 2018,"This incredible cafe is run by teenagers with autism. ‚òïÔ∏èüç∞ü•™

https://t.co/D6HJgLYXxa",0.0,0.0,1.0,0.0,62
BBC,Sun Jun 03 07:32:06 +0000 2018,"Intuition has fallen out of favour in an age of rational, analytical thinking. But should you still trust your gut?‚Ä¶ https://t.co/pl8SydpXfy",0.5719,0.232,0.674,0.094,63
BBC,Sun Jun 03 07:04:03 +0000 2018,"Remembering the people of Bunce Island, who were sold into the British slave trade. 

https://t.co/HV5AWuWA29",0.0,0.0,1.0,0.0,64
BBC,Sun Jun 03 06:31:32 +0000 2018,RT @bbcweather: Today will be fine and warm with plenty of sunshine for the majority of the country apart for an isolated heavy shower. Sco‚Ä¶,0.5574,0.228,0.695,0.076,65
BBC,Sat Jun 02 19:10:08 +0000 2018,"Women are more likely to wait longer for a health diagnosis and to be told it‚Äôs ‚Äòall in their heads‚Äô.
üëâ‚Ä¶ https://t.co/9u3Pb6hQpT",0.0,0.0,1.0,0.0,66
BBC,Sat Jun 02 19:02:05 +0000 2018,"A once-in-a-lifetime conversation with Eileen Atkins, Judi Dench, Maggie Smith and Joan Plowright. ‚ú®

Nothing Like‚Ä¶ https://t.co/JxH075mKLm",0.4215,0.167,0.833,0.0,67
BBC,Sat Jun 02 17:29:00 +0000 2018,"Not long to go now...‚öΩÔ∏è

#HistoryWillBeMade https://t.co/Q2BX0nK5vg",0.0,0.0,1.0,0.0,68
BBC,Sat Jun 02 17:05:04 +0000 2018,A project to provide free sanitary products to women from low income households in Aberdeen is to be rolled out acr‚Ä¶ https://t.co/wfdK5nWCsC,0.296,0.135,0.779,0.086,69
BBC,Sat Jun 02 17:04:03 +0000 2018,üçΩÔ∏èü§£ When you‚Äôre too polite to complain. https://t.co/CrzNNixuaY,-0.3612,0.0,0.737,0.263,70
BBC,Sat Jun 02 16:04:07 +0000 2018,üåèüí´ 13.8 billion years of our universe's history packed into four minutes. https://t.co/EBGmVry69j,0.0,0.0,1.0,0.0,71
BBC,Sat Jun 02 15:46:29 +0000 2018,RT @BBCShakespeare: Turns out even #Shakespeare acting legends love a good get together. üé≠ Tag those special friends you share everything w‚Ä¶,0.9337,0.502,0.498,0.0,72
BBC,Sat Jun 02 15:02:06 +0000 2018,"Anthony Hopkins. Emma Thompson. William Shakespeare...

üëë It really doesn't get much better than this.  
#KingLear https://t.co/wQBYFQIIlf",-0.3412,0.0,0.862,0.138,73
BBC,Sat Jun 02 14:04:04 +0000 2018,"üì± Are health apps actually bad for your health?

'The danger is when we reduce our self-worth to a number.'
üëâ‚Ä¶ https://t.co/AOWkdvf3TY",-0.7845,0.0,0.723,0.277,74
BBC,Sat Jun 02 13:09:14 +0000 2018,"RT @BBCSpringwatch: BREAKING NEWS! üö®

Our wrens have started to fledge the nest üòç Stay up to date at https://t.co/gIA23qZAHX
#Springwatch h‚Ä¶",0.0,0.0,1.0,0.0,75
BBC,Sat Jun 02 13:01:05 +0000 2018,"In 1966, a group of schoolchildren made some sad and uncannily accurate predictions about the future. https://t.co/gNGkpeyoZ9",-0.4767,0.0,0.829,0.171,76
BBC,Sat Jun 02 12:02:03 +0000 2018,"ü§îüëî This men's T-shirt shirt is selling for ¬£935 and it's left loads of people pretty baffled.
üëâ‚Ä¶ https://t.co/yONjwKqdkz",0.4939,0.151,0.849,0.0,77
BBC,Sat Jun 02 11:06:03 +0000 2018,ü¶Ü Swans have been borrowing items from @SteveBackshall to build their nests for the last few years.  https://t.co/d5S5PG9Ygi,0.0,0.0,1.0,0.0,78
BBC,Sat Jun 02 09:00:14 +0000 2018,"üì∏üê∂ Call the puparazzi, these divas are ready to shine! üíéhttps://t.co/zYrpgXF69z",0.4199,0.218,0.782,0.0,79
BBC,Sat Jun 02 08:01:03 +0000 2018,"üôå‚ù§Ô∏è Take us back to @NiallOfficial at #BiggestWeekend.

There's still time to catch up on this incredible set + lot‚Ä¶ https://t.co/sP2h8cjgsw",0.0,0.0,1.0,0.0,80
BBC,Sat Jun 02 07:51:56 +0000 2018,"RT @bbcmusic: We knew @TaylorSwift13 was trouble when she touched down in Swansea üòÖüòç

Watch her showstopping @BBCR1 #BiggestWeekend set in‚Ä¶",-0.4019,0.0,0.881,0.119,81
BBC,Fri Jun 01 19:06:04 +0000 2018,üé§‚ù§Ô∏è #BTS are on the lips and screens of fans everywhere as the #Kpop band smash records in real life and on social‚Ä¶ https://t.co/h7KwxeZQm5,0.0,0.0,1.0,0.0,82
BBC,Fri Jun 01 18:01:07 +0000 2018,üòà Cute...but deadly. https://t.co/lhpd0watrN,0.0,0.0,1.0,0.0,83
BBC,Fri Jun 01 16:33:00 +0000 2018,Leaving work on a Friday like... üëãüíÉ#FridayFeeling @Camila_Cabello https://t.co/oJUssdSPfb,0.0,0.0,1.0,0.0,84
BBC,Fri Jun 01 16:04:04 +0000 2018,üß†üéû A film where the plot changes depending on the viewer‚Äôs brain activity has been developed. https://t.co/7UCYCO7Xyz,0.0,0.0,1.0,0.0,85
BBC,Fri Jun 01 15:29:31 +0000 2018,RT @BBCScotland: Watch one of Scotland's best-known structures appear from the mist in this stunning timelapse https://t.co/h0mUFTKcmQ,0.4588,0.158,0.842,0.0,86
BBC,Fri Jun 01 14:24:40 +0000 2018,"RT @bbcgetinspired: Meet the Nawaz family and hear how #SuperMovers is helping them get a better night‚Äôs sleep. 

Remember to check out Sup‚Ä¶",0.6249,0.203,0.797,0.0,87
BBC,Fri Jun 01 13:00:21 +0000 2018,"A natural hair dye based on the blackcurrant waste from the production of Ribena has been created by scientists.
üëâ‚Ä¶ https://t.co/4e001z6rPc",0.1779,0.185,0.7,0.115,88
BBC,Fri Jun 01 12:32:03 +0000 2018,"Smithy knows how to celebrate #nationalfishandchipday properly. üòÇüçü

https://t.co/FFV75BsW0Q",0.5719,0.316,0.684,0.0,89
BBC,Fri Jun 01 12:01:05 +0000 2018,"üåΩüçîüåÆ Vegan junk food, anyone? 
#MillionPoundMenu https://t.co/MY5i9Xph5H",0.0,0.0,1.0,0.0,90
BBC,Fri Jun 01 11:10:46 +0000 2018,RT @BBCTwo: Want to learn some quick Swedish and Danish? Here‚Äôs the cast of #TheBridge with some everyday phrases you might need‚Ä¶ ‚ò†üò± https:‚Ä¶,0.0772,0.053,0.947,0.0,91
BBC,Fri Jun 01 11:00:16 +0000 2018,üò¢ @NatGeoMag has published a selection of startling photos highlighting the vast amounts of discarded plastic choki‚Ä¶ https://t.co/vdjw1nnW36,-0.2732,0.073,0.791,0.136,92
BBC,Fri Jun 01 10:28:25 +0000 2018,"RT @BBCBreakfast: Come on then, who wants to get their hands on the world's largest freshwater pearl? üôãüôã‚Äç‚ôÇÔ∏è https://t.co/C0QV5sHSRx",0.0,0.0,1.0,0.0,93
BBC,Fri Jun 01 10:01:36 +0000 2018,"üé∂ Won‚Äôt you listen to the man that‚Äôs‚Ä¶ reading you a #BedtimeStory! 
 
üìö Catch @george_ezra tonight on #CBeebies! https://t.co/mcCzqePrQ7",0.0,0.0,1.0,0.0,94
BBC,Fri Jun 01 08:20:46 +0000 2018,"RT @BBC6Music: Which Biggest Weekend sets will you be watching back on iPlayer?

We asked Neneh (@misscherrylala), @Hanpeel, @Franz_Ferdina‚Ä¶",0.0,0.0,1.0,0.0,95
BBC,Fri Jun 01 08:00:05 +0000 2018,"This guy is INCREDIBLE üòÇ
#Hardball https://t.co/HiI4Uxe5TZ",0.0,0.0,1.0,0.0,96
BBC,Fri Jun 01 07:33:03 +0000 2018,The 1960s counterculture fuelled an artistic explosion in the US ‚Äì but were the flower children merely privileged?‚Ä¶ https://t.co/T81ZRLcQQr,0.0,0.0,1.0,0.0,97
BBC,Fri Jun 01 07:00:15 +0000 2018,Is individualism to be celebrated or lamented? https://t.co/85gs317qM5,0.3182,0.306,0.496,0.198,98
BBC,Thu May 31 19:02:02 +0000 2018,"'There's nothing a man can do that a woman cannot do'. 

Meet the Nigerian girls fighting out of poverty. ü•ä

https://t.co/d0fm8HShEK",-0.7003,0.0,0.734,0.266,99
BBC,Thu May 31 18:03:07 +0000 2018,"Did @PanicAtTheDisco's @BrendonUrie just reveal he was almost in The Greatest Showman? üò±üé∂

https://t.co/7YXvyrTfHw",0.6041,0.232,0.768,0.0,100
CNN,Thu Jun 07 01:32:15 +0000 2018,.@ChrisCuomo challenges White House press secretary Sarah Sanders for repeatedly calling special counsel Mueller's‚Ä¶ https://t.co/iO7ujABJcM,0.4588,0.235,0.765,0.0,1
CNN,Thu Jun 07 01:27:50 +0000 2018,Speaker company Sonos doesn't have its own voice assistant. Now it is trying to turn that into its biggest selling‚Ä¶ https://t.co/YvtKYudbNc,0.0,0.0,1.0,0.0,2
CNN,Thu Jun 07 01:18:43 +0000 2018,Republican lawmakers point to positive signs after California election night https://t.co/XhDN9imEkx https://t.co/IpPU65gmoT,0.5574,0.247,0.753,0.0,3
CNN,Thu Jun 07 00:55:20 +0000 2018,"""You aren't listening"": Philadelphia Eagles star Malcom Jenkins wanted to be heard, so he shared his message by put‚Ä¶ https://t.co/3I7iqR9Nem",0.3976,0.124,0.876,0.0,4
CNN,Thu Jun 07 00:50:52 +0000 2018,Alice Marie Johnson has been released from prison. President Trump commuted her sentence today after meeting with K‚Ä¶ https://t.co/bdPpqx3IS0,-0.4588,0.06,0.787,0.153,5
CNN,Thu Jun 07 00:48:09 +0000 2018,"RT @AC360: ‚ÄúMr. Giuliani is an absolute pig for making those comments.‚Äù

Stormy Daniels‚Äô attorney Michael Avenatti says Rudy Giuliani's der‚Ä¶",0.0,0.0,1.0,0.0,6
CNN,Thu Jun 07 00:43:32 +0000 2018,Here are some key events in the talks between the Trump and Mueller teams https://t.co/FvnNPCv1Wd https://t.co/EqNaJTu7j4,0.0,0.0,1.0,0.0,7
CNN,Thu Jun 07 00:41:46 +0000 2018,Tesla's stock price soared as investors were encouraged by CEO Elon Musk's pledge that Model 3 production has turne‚Ä¶ https://t.co/woKx2yOrOJ,0.3612,0.122,0.878,0.0,8
CNN,Thu Jun 07 00:37:53 +0000 2018,"RT @AC360: ""I want to say to President Trump: I am going to make you proud that you gave me this second chance in life.""

Alice Marie Johns‚Ä¶",0.6597,0.211,0.789,0.0,9
CNN,Thu Jun 07 00:36:30 +0000 2018,‚ÄúMy daughter continues to always tell me I remind her of a phoenix‚Ä¶ I guess in order to be a phoenix I had to rise‚Ä¶ https://t.co/aLk4zOV2sW,0.0,0.0,1.0,0.0,10
CNN,Thu Jun 07 00:32:29 +0000 2018,"Facebook says it has a deal to share user data with Huawei, a Chinese smartphone maker that US intelligence agencie‚Ä¶ https://t.co/YczpPvzaDo",0.6486,0.238,0.762,0.0,11
CNN,Thu Jun 07 00:30:57 +0000 2018,RT @AC360: ‚ÄúMy daughter continues to always tell me I remind her of a phoenix‚Ä¶ I guess in order to be a phoenix I had to rise above the ash‚Ä¶,0.0,0.0,1.0,0.0,12
CNN,Thu Jun 07 00:20:41 +0000 2018,What do giant doughnuts and a hot dog as big as a firetruck have in common? They are some of the peculiar buildings‚Ä¶ https://t.co/w3PuI5PK5s,0.1531,0.071,0.929,0.0,13
CNN,Thu Jun 07 00:16:17 +0000 2018,"Alice Marie Johnson to President Trump: ""I am going to make you proud that you gave me this second chance in life a‚Ä¶ https://t.co/azeC8qVnRd",0.6249,0.188,0.812,0.0,14
CNN,Thu Jun 07 00:10:23 +0000 2018,"Alice Marie Johnson on leaving prison after Trump commuted her sentence: ""I have not been in a car without handcuff‚Ä¶ https://t.co/WjZ4McT3qv",-0.4588,0.058,0.796,0.146,15
CNN,Thu Jun 07 00:09:34 +0000 2018,Polling in the last year has been split half and half on support for players in the NFL kneeling during the Nationa‚Ä¶ https://t.co/YszquEzeSf,0.4019,0.109,0.891,0.0,16
CNN,Wed Jun 06 23:57:36 +0000 2018,"""It was a complete shock. And it clearly wasn't her. There were personal demons she was battling."" The husband of f‚Ä¶ https://t.co/drurep0qtK",0.0258,0.111,0.782,0.107,17
CNN,Wed Jun 06 23:54:55 +0000 2018,US officials have laid the groundwork for President Donald Trump and North Korean leader Kim Jong Un to hold a seco‚Ä¶ https://t.co/rb4cTaAb8V,0.0,0.0,1.0,0.0,18
CNN,Wed Jun 06 23:53:37 +0000 2018,"The police chief in Mesa, Arizona, says he was ""disappointed"" by a video that shows officers punching and kneeing a‚Ä¶ https://t.co/7GEC34NeNw",0.0,0.0,1.0,0.0,19
CNN,Wed Jun 06 23:48:01 +0000 2018,The maker of Jack Daniel's is worried about the impact of a trade war https://t.co/I7mLyVwwUU https://t.co/y3mxK9Ge0u,-0.7269,0.0,0.681,0.319,20
CNN,Wed Jun 06 23:42:07 +0000 2018,"She was kidnapped by Salvadoran guerrillas three decades ago, watched her husband be killed, and forced to cook and‚Ä¶ https://t.co/3uUOoIEH7R",-0.8176,0.0,0.706,0.294,21
CNN,Wed Jun 06 23:36:05 +0000 2018,"EPA Administrator Scott Pruitt on Chick-fil-A: ""We need more of them in Tulsa and we need more of them across the c‚Ä¶ https://t.co/7E7jP3lbc2",0.0,0.0,1.0,0.0,22
CNN,Wed Jun 06 23:31:09 +0000 2018,"The wife of Trump campaign aide George Papadopoulos, who pleaded guilty to lying about his Russian contacts, asks P‚Ä¶ https://t.co/XF0h8mEKs8",-0.7351,0.0,0.744,0.256,23
CNN,Wed Jun 06 23:26:03 +0000 2018,IHOP says it's changing its name to IHOb https://t.co/OMvnRKOUhq https://t.co/4IgRjsHTZH,0.0,0.0,1.0,0.0,24
CNN,Wed Jun 06 23:21:05 +0000 2018,"An EPA spokesperson referred to a reporter as a ""piece of trash"" when the journalist phoned for comment on a story‚Ä¶ https://t.co/FRFCwsvwTZ",0.0,0.0,1.0,0.0,25
CNN,Wed Jun 06 23:16:03 +0000 2018,"A 64-year-old woman in Australia died after contracting hepatitis A linked to frozen pomegranate seeds, according t‚Ä¶ https://t.co/HAGs4p64yJ",-0.5574,0.0,0.806,0.194,26
CNN,Wed Jun 06 23:11:06 +0000 2018,"Zach Wahls, an activist for LGBTQ rights who rose to prominence for a viral speech defending marriage equality and‚Ä¶ https://t.co/5Bf6UKiRT1",0.0,0.0,1.0,0.0,27
CNN,Wed Jun 06 23:06:07 +0000 2018,"Former NYC Mayor and current Trump lawyer Rudy Giuliani has received a dismal favorability rating, according to a Q‚Ä¶ https://t.co/DVNlaKVBXo",-0.6124,0.0,0.81,0.19,28
CNN,Wed Jun 06 23:04:23 +0000 2018,Apple is getting closer and closer to becoming the first $1 trillion American company https://t.co/JRSmeYd5lT https://t.co/q1PvmCBoJn,0.0,0.0,1.0,0.0,29
CNN,Wed Jun 06 22:57:55 +0000 2018,Senate Republicans have accused the Obama administration of secretly trying to give Tehran access to the US financi‚Ä¶ https://t.co/hlBOZ6n70e,-0.296,0.0,0.891,0.109,30
CNN,Wed Jun 06 22:50:53 +0000 2018,"Dennis Rodman is ""considering going to Singapore"" for the upcoming Trump-Kim summit, his agent says. The former NBA‚Ä¶ https://t.co/d705nzmGhM",0.0,0.0,1.0,0.0,31
CNN,Wed Jun 06 22:47:33 +0000 2018,"Former NBA star Dennis Rodman is ""considering going to Singapore,"" for the upcoming summit between President Donald‚Ä¶ https://t.co/QC04uVfYN3",0.0,0.0,1.0,0.0,32
CNN,Wed Jun 06 22:41:38 +0000 2018,EPA Administrator Scott Pruitt appeared to confirm recent reports that he looked into the potential of his wife ope‚Ä¶ https://t.co/UyKGmTPeOM,0.0,0.0,1.0,0.0,33
CNN,Wed Jun 06 22:33:07 +0000 2018,"BREAKING: Alice Marie Johnson has just been released from prison after Trump commuted her sentence. ""I'm just so th‚Ä¶ https://t.co/umxk4rr455",-0.4588,0.058,0.796,0.146,34
CNN,Wed Jun 06 22:21:24 +0000 2018,"Adult film actress Stormy Daniels has launched a new lawsuit against her former attorney, Keith Davidson, as well a‚Ä¶ https://t.co/s841T6wEBs",0.1779,0.167,0.744,0.088,35
CNN,Wed Jun 06 22:16:31 +0000 2018,A British man who was credited with stopping a worldwide WannaCry ransomware attack last year faces new federal cha‚Ä¶ https://t.co/bxIxE1H2X5,-0.296,0.113,0.676,0.212,36
CNN,Wed Jun 06 22:09:15 +0000 2018,How the Democrats avoided disaster in California https://t.co/1Q3QSDPXzE https://t.co/Ujcjyf4EDJ,-0.7579,0.0,0.519,0.481,37
CNN,Wed Jun 06 21:55:22 +0000 2018,"Electric cars could put 100,000 German jobs at risk https://t.co/DSsF1BPcvF https://t.co/MF9OlE8Hfx",-0.2732,0.0,0.826,0.174,38
CNN,Wed Jun 06 21:41:28 +0000 2018,"A federal judge has once again rebuked the administration's efforts to pressure so-called sanctuary cities, going f‚Ä¶ https://t.co/KmSqtspmLJ",-0.296,0.0,0.879,0.121,39
CNN,Wed Jun 06 21:41:00 +0000 2018,"First responders in Russellville, Arkansas, went above and beyond the call of duty to surprise a teen with autism a‚Ä¶ https://t.co/ZD2Oc0jUPQ",0.2732,0.1,0.9,0.0,40
CNN,Wed Jun 06 21:40:51 +0000 2018,.@ChrisCuomo on NFL anthem controversy: ‚ÄúUnconditional love for this country is expressed in our freedom and our re‚Ä¶ https://t.co/eDjorqfCP4,0.8555,0.331,0.669,0.0,41
CNN,Wed Jun 06 21:26:08 +0000 2018,A dessert shop employee protected a gay couple from a group of people yelling slurs during Utah's Pride festival‚Ä¶ https://t.co/sP7PwrKzTT,0.6486,0.261,0.739,0.0,42
CNN,Wed Jun 06 21:18:27 +0000 2018,Fashion designer Kate Spade's suicide spotlights the importance of recognizing the potential warning signs when som‚Ä¶ https://t.co/41yI7NzlwA,-0.6597,0.107,0.598,0.295,43
CNN,Wed Jun 06 21:11:09 +0000 2018,US Immigration and Customs Enforcement officers arrested 114 undocumented immigrants working at an Ohio gardening b‚Ä¶ https://t.co/yaqBZp41jI,-0.4767,0.0,0.838,0.162,44
CNN,Wed Jun 06 21:05:50 +0000 2018,"President Donald Trump visited FEMA, but remained mum on a new estimate of the death toll from Hurricane Maria and‚Ä¶ https://t.co/KlmNYSf3Rx",-0.7469,0.0,0.78,0.22,45
CNN,Wed Jun 06 20:59:02 +0000 2018,A Milwaukee police officer stepped on NBA player Sterling Brown's ankle during his arrest and others mocked any pot‚Ä¶ https://t.co/XrPrJw85yS,-0.5719,0.0,0.783,0.217,46
CNN,Wed Jun 06 20:51:20 +0000 2018,In retaliation for the Trump administration announcing tariffs on steel and aluminum imports from Mexico and much o‚Ä¶ https://t.co/LVdflRnYUc,0.0,0.0,1.0,0.0,47
CNN,Wed Jun 06 20:48:04 +0000 2018,The Justice Department reaffirmed that Deputy Attorney General Rod Rosenstein would step aside from overseeing the‚Ä¶ https://t.co/DgI3CKTkgF,0.5267,0.175,0.825,0.0,48
CNN,Wed Jun 06 20:45:31 +0000 2018,"General Motors' president Dan Ammann is leaving Lyft's board.

The rideshare firm and GM, once partners, have becom‚Ä¶ https://t.co/tgeTp6CR8R",0.0,0.0,1.0,0.0,49
CNN,Wed Jun 06 20:42:47 +0000 2018,A US-North Korea friendship would be a perfect bulwark against China | By S. Nathan Park via @CNNOpinion‚Ä¶ https://t.co/LWERhpgXta,0.765,0.32,0.68,0.0,50
CNN,Wed Jun 06 20:40:12 +0000 2018,Tesla's stock price soared as investors were encouraged by CEO Elon Musk's pledge that Model 3 production has turne‚Ä¶ https://t.co/01KYLr4tXV,0.3612,0.122,0.878,0.0,51
CNN,Wed Jun 06 20:36:58 +0000 2018,"European mental health institutions fall ""far below the standard,"" with no single institution meeting all of the st‚Ä¶ https://t.co/uXdhv1ekRx",-0.296,0.0,0.891,0.109,52
CNN,Wed Jun 06 20:34:27 +0000 2018,"RT @CNNOpinion: ""Disastrous colonial adventures overseas? Rest assured, we've been doing it for a lot longer than you have. Which is why I‚Ä¶",0.0,0.176,0.683,0.14,53
CNN,Wed Jun 06 20:27:50 +0000 2018,"Two of EPA Administrator Scott Pruitt's closest aides have resigned, an official confirms to CNN‚Ä¶ https://t.co/zep78TcGVf",-0.25,0.0,0.882,0.118,54
CNN,Wed Jun 06 20:25:05 +0000 2018,"American companies announced a record $201.3 billion in stock buybacks and cash takeovers in May.

Critics say the‚Ä¶ https://t.co/UemVO2UDdb",-0.296,0.0,0.885,0.115,55
CNN,Wed Jun 06 20:10:46 +0000 2018,"Ex-White House communications director Anthony Scaramucci says ""someone had it out"" for the White House communicati‚Ä¶ https://t.co/mvvRIpXIoN",0.0,0.0,1.0,0.0,56
CNN,Wed Jun 06 19:55:57 +0000 2018,"Wells Fargo isn't the only bank where heavy sales pressure led employees to open fake accounts, regulators say‚Ä¶ https://t.co/0Lq3VcX1Bv",-0.5106,0.086,0.687,0.227,57
CNN,Wed Jun 06 19:42:22 +0000 2018,Plane tickets are about to get more expensive https://t.co/62RTwKp7Ld https://t.co/IZ1WGNryw6,0.0,0.0,1.0,0.0,58
CNN,Wed Jun 06 19:31:43 +0000 2018,"First responders in Russellville, Arkansas, went above and beyond the call of duty to surprise a teen with autism a‚Ä¶ https://t.co/AsHyMnBQy4",0.2732,0.1,0.9,0.0,59
CNN,Wed Jun 06 19:27:43 +0000 2018,RT @CNNOpinion: Trump aide Michael Kratsios: The future of American aviation is all about drones https://t.co/SB2MGqhXgA,0.0,0.0,1.0,0.0,60
CNN,Wed Jun 06 19:24:12 +0000 2018,"Democratic Rep. Nydia Vel√°zquez is calling for ""an independent commission similar to what we had after 9/11"" to inv‚Ä¶ https://t.co/LXGm56LzOr",0.0,0.0,1.0,0.0,61
CNN,Wed Jun 06 19:20:06 +0000 2018,The clothes of a leading figure in Germany's far-right Alternative for Germany party were stolen while he was swimm‚Ä¶ https://t.co/Jmriq1CvIa,-0.128,0.118,0.742,0.14,62
CNN,Wed Jun 06 19:15:00 +0000 2018,"History according to Trump, War of 1812 edition | Analysis by CNN's Z. Byron Wolf https://t.co/z8fEjVSyrw https://t.co/sIahAp9lVE",-0.5994,0.0,0.794,0.206,63
CNN,Wed Jun 06 19:09:15 +0000 2018,A middle school gave graduates a gift it hopes they never have to use -- bullet- and stab-resistant ballistic shiel‚Ä¶ https://t.co/6kaFkHyJVE,0.6908,0.251,0.749,0.0,64
CNN,Wed Jun 06 19:02:38 +0000 2018,10 headlines that will make you wonder how Scott Pruitt still has a job | Analysis by @CillizzaCNN‚Ä¶ https://t.co/aTyZdLu7LK,0.0,0.0,1.0,0.0,65
CNN,Wed Jun 06 18:53:30 +0000 2018,Lava flow evaporated Hawaii's largest freshwater lake within hours https://t.co/WIDroYynU9 https://t.co/JwrD3kzCb0,0.0,0.0,1.0,0.0,66
CNN,Wed Jun 06 18:46:06 +0000 2018,A government watchdog has cleared Interior Secretary Ryan Zinke from improper political activity when he spoke to a‚Ä¶ https://t.co/QZ2cAMKmtM,0.1027,0.076,0.924,0.0,67
CNN,Wed Jun 06 18:44:15 +0000 2018,"National Park Service acting director Paul Daniel Smith apologized to employees in an email for behaving ""in an ina‚Ä¶ https://t.co/sjPiLUeXvk",0.3182,0.108,0.892,0.0,68
CNN,Wed Jun 06 18:33:04 +0000 2018,The Consumer Financial Protection Bureau has effectively dismissed all the members of an outside board that advises‚Ä¶ https://t.co/mwZibCPjFs,0.4404,0.146,0.854,0.0,69
CNN,Wed Jun 06 18:31:18 +0000 2018,Why people aren't feeling the strength of the economy https://t.co/1Hfu2CyNnx https://t.co/X7MPPZ032t,-0.4585,0.0,0.692,0.308,70
CNN,Wed Jun 06 18:30:20 +0000 2018,"RT @CNNnewsroom: ""The American people are not props,""says Ziad Ahmed, a student activist who is calling for Muslims to boycott Trump‚Äôs Ifta‚Ä¶",-0.3182,0.0,0.897,0.103,71
CNN,Wed Jun 06 18:18:24 +0000 2018,The former head of USA Gymnastics exercised his Fifth Amendment right to avoid self-incrimination and declined to t‚Ä¶ https://t.co/1pOJJLjD4d,-0.296,0.0,0.891,0.109,72
CNN,Wed Jun 06 18:17:22 +0000 2018,"RT @CNNnewsroom: Whether or not a person is pardoned ""shouldn't be based on which celebrities have access to the President,"" says Rep. Ted‚Ä¶",-0.1695,0.0,0.926,0.074,73
CNN,Wed Jun 06 18:07:01 +0000 2018,"How Apple, which is currently worth $945 billion and on track to become the first-ever trillion-dollar company, has‚Ä¶ https://t.co/n5sQ6hRTyh",0.2263,0.095,0.905,0.0,74
CNN,Wed Jun 06 18:00:00 +0000 2018,"These unusual-looking concrete houses will be constructed using a 3D printer in Eindhoven, the Netherlands:‚Ä¶ https://t.co/6jXo8LlcMI",0.0,0.0,1.0,0.0,75
CNN,Wed Jun 06 17:55:30 +0000 2018,"""We thank our great Singaporean hosts for their hospitality."" Donald Trump and Kim Jong Un will meet at the Capella‚Ä¶ https://t.co/Ab0EaE5Cta",0.765,0.258,0.742,0.0,76
CNN,Wed Jun 06 17:45:00 +0000 2018,"From delivery to aviation, Dubai is at the forefront of drone experimentation. Here's a look at what the future hol‚Ä¶ https://t.co/q0S1qZFoHp",0.0,0.0,1.0,0.0,77
CNN,Wed Jun 06 17:43:50 +0000 2018,It's hard to remember a time when Starbucks wasn't on every big-city corner and in every US suburban shopping cente‚Ä¶ https://t.co/S6lkccOuee,-0.1027,0.0,0.931,0.069,78
CNN,Wed Jun 06 17:33:39 +0000 2018,British troops burned down the White House during the War of 1812. Historians note the British attack on Washington‚Ä¶ https://t.co/da00rwRB2h,-0.7906,0.0,0.72,0.28,79
CNN,Wed Jun 06 17:33:06 +0000 2018,"According to the sources, Trudeau pressed Trump on how he could justify the tariffs as a ""national security"" issue.‚Ä¶ https://t.co/EMylmUA4zt",0.34,0.118,0.882,0.0,80
CNN,Wed Jun 06 17:31:49 +0000 2018,President Trump and Canadian PM Justin Trudeau had a testy phone call on May 25 over new tariffs imposed by the Tru‚Ä¶ https://t.co/UEms7CfP5A,-0.0772,0.0,0.942,0.058,81
CNN,Wed Jun 06 17:22:41 +0000 2018,Republican megadonor and billionaire David Koch is stepping down from his role at Koch Industries and other organiz‚Ä¶ https://t.co/C93TWf7bxd,0.0,0.0,1.0,0.0,82
CNN,Wed Jun 06 17:21:51 +0000 2018,Democratic Sen. Dick Durbin says healthcare will be the party's priority for the canceled August recess‚Ä¶ https://t.co/9qBZTGZYJI,-0.5106,0.0,0.829,0.171,83
CNN,Wed Jun 06 17:10:09 +0000 2018,The maker of Jack Daniel's is worried about the impact of a trade war https://t.co/5rEiKMiNBa https://t.co/GfJJhgIgBC,-0.7269,0.0,0.681,0.319,84
CNN,Wed Jun 06 17:00:03 +0000 2018,"Things are a little bit cheaper at Costco, Target, Walmart and Kroger this year thanks to a price war‚Ä¶ https://t.co/gGc6Ozrila",0.4404,0.146,0.854,0.0,85
CNN,Wed Jun 06 16:55:36 +0000 2018,"Steamboat Geyser in Yellowstone National Park is erupting unusually frequently. On June 4, the geyser had its eight‚Ä¶ https://t.co/FJhiVtbNli",0.0,0.0,1.0,0.0,86
CNN,Wed Jun 06 16:53:29 +0000 2018,Paul Manafort could be in big trouble | By Paul Callan via @CNNOpinion https://t.co/MPcnd4ekF8 https://t.co/SrLVt49ThU,-0.4019,0.0,0.828,0.172,87
CNN,Wed Jun 06 16:40:09 +0000 2018,"How much longer can the US economy keep rolling? Tune in to @CNNMoney's ""Markets Now at 12:45pm ET to see economist‚Ä¶ https://t.co/F4oK0zR21U",0.0,0.0,1.0,0.0,88
CNN,Wed Jun 06 16:39:16 +0000 2018,BREAKING: President Trump has commuted the life sentence of Alice Johnson following a White House meeting last week‚Ä¶ https://t.co/xLGQ5vvNtQ,0.0772,0.071,0.929,0.0,89
CNN,Wed Jun 06 16:28:36 +0000 2018,"President Trump says first lady Melania Trump is ""doing really well"" ahead of her first public appearance since May‚Ä¶ https://t.co/mNU2ij342U",0.3384,0.112,0.888,0.0,90
CNN,Wed Jun 06 16:23:13 +0000 2018,"""It wasn't my finest hour."" Former President Bill Clinton says he was mad at himself over his recent comments about‚Ä¶ https://t.co/ueAskMrNnD",-0.4939,0.0,0.862,0.138,91
CNN,Wed Jun 06 16:11:08 +0000 2018,The European Union's top court ruled that same-sex couples are entitled to the same residency rights as other marri‚Ä¶ https://t.co/jExDrtdNck,0.4404,0.178,0.822,0.0,92
CNN,Wed Jun 06 16:03:05 +0000 2018,"House Speaker Paul Ryan says he agrees with Republican Rep. Trey Gowdy that the FBI did ""exactly"" what it was suppo‚Ä¶ https://t.co/Xhbm8kD6MT",0.2023,0.079,0.921,0.0,93
CNN,Wed Jun 06 15:57:00 +0000 2018,Watch these homes being built using a 3D printer https://t.co/igaBP4BFwG https://t.co/sGcYS89MDO,0.0,0.0,1.0,0.0,94
CNN,Wed Jun 06 15:49:22 +0000 2018,World Cup 2022: Meet the Qataris making the most of soccer's showcase https://t.co/DjpV7FTj0j https://t.co/stmyDwlsrb,0.0,0.0,1.0,0.0,95
CNN,Wed Jun 06 15:38:22 +0000 2018,"Will we ever fly like the Jetsons? This company just unveiled its first commercial flying car, Flyer ‚Äî and‚Ä¶ https://t.co/ch1x4FM5EX",0.3612,0.122,0.878,0.0,96
CNN,Wed Jun 06 15:36:18 +0000 2018,Bill Gates is giving 2018 college grads his favorite new book for free https://t.co/vIe4FaQTFq,0.8271,0.442,0.558,0.0,97
CNN,Wed Jun 06 15:34:45 +0000 2018,RT @cnni: JUST IN: Dozens of firefighters are tackling a blaze at a hotel in the Knightsbridge area of London https://t.co/ChtVjxJEv5 https‚Ä¶,0.0,0.0,1.0,0.0,98
CNN,Wed Jun 06 15:26:13 +0000 2018,"""On a personal level, we can all follow the ethos of the Miss America competition, and make a conscious effort to s‚Ä¶ https://t.co/T3LUphyJWN",-0.1531,0.0,0.926,0.074,99
CNN,Wed Jun 06 15:14:16 +0000 2018,"Most Americans say they aren't booking a vacation to space -- except millennials. 63% say they'd be up for it, acco‚Ä¶ https://t.co/TQ8Mr0ffOc",0.0,0.0,1.0,0.0,100
FoxNews,Thu Jun 07 01:29:36 +0000 2018,WOW: Shocked bystanders watched as a stolen armored vehicle led police on a 60-mile chase through Virginia Tuesday.‚Ä¶ https://t.co/6lMRRgMkyv,0.0085,0.189,0.583,0.229,1
FoxNews,Thu Jun 07 01:20:45 +0000 2018,Son who wrote viral revenge obituary about his mom explains why he did it. https://t.co/nDgasXd59M,-0.5267,0.0,0.805,0.195,2
FoxNews,Thu Jun 07 01:15:33 +0000 2018,".@SeanHannity on the commutation of Alice Johnson: ""This is likely just the beginning of what is a long needed conv‚Ä¶ https://t.co/NJgae3AEVG",0.0,0.0,1.0,0.0,3
FoxNews,Thu Jun 07 01:02:07 +0000 2018,.@POTUS hosts the @WhiteHouse iftar for the Muslim holiday of Ramadan. https://t.co/LGiHoC57y9,0.4019,0.197,0.803,0.0,4
FoxNews,Thu Jun 07 01:01:16 +0000 2018,"OUT OF THE DIAMOND AND INTO A CUP: A San Diego Padres fan caught a foul ball in her beer, and subsequently chugged‚Ä¶ https://t.co/LA2b7l9BN6",0.6633,0.222,0.778,0.0,5
FoxNews,Thu Jun 07 00:58:20 +0000 2018,DOJ tells Graham Rosenstein won't recuse from Mueller probe unless officials deem it necessary https://t.co/E8h9Yp47qc,0.0,0.0,1.0,0.0,6
FoxNews,Thu Jun 07 00:53:43 +0000 2018,WATCH: D-Day Survivors Recall Invasion of Normandy 74 Years Later https://t.co/DvAKo36FLs,0.0,0.0,1.0,0.0,7
FoxNews,Thu Jun 07 00:34:19 +0000 2018,"Who is Alice Marie Johnson, the great-grandmother Trump is granting clemency to? https://t.co/rzdrSLgrUk",0.3182,0.161,0.839,0.0,8
FoxNews,Thu Jun 07 00:31:16 +0000 2018,Connecticut man cops to trafficking in endangered sperm whale teeth https://t.co/Wh3GnILWLc,0.0,0.0,1.0,0.0,9
FoxNews,Thu Jun 07 00:14:32 +0000 2018,".@ericswalwell: ""Jim @Comey is an imperfect man, all of us are, but imperfect people are still capable of telling t‚Ä¶ https://t.co/rTXjiIIm5p",-0.0516,0.131,0.692,0.177,10
FoxNews,Thu Jun 07 00:07:17 +0000 2018,Bush airport resumes operation following bomb scare caused by 'impatient' passenger https://t.co/vatbGdFANz,-0.7506,0.0,0.61,0.39,11
FoxNews,Wed Jun 06 23:59:47 +0000 2018,"Earlier, @SenTedCruz criticized the Obama administration amid reports that it gave Iran access to the United States‚Ä¶ https://t.co/0D6jjxEL0u",0.0772,0.131,0.751,0.117,12
FoxNews,Wed Jun 06 23:55:00 +0000 2018,Parkland high school monitor who saw Nikolas Cruz before shooting is barred from grounds. https://t.co/73QghMBEeE,0.0,0.0,1.0,0.0,13
FoxNews,Wed Jun 06 23:49:29 +0000 2018,'The Media Is Totally Out of Line': #TheFive Reacts to Rumors About Melania Trump. https://t.co/NcEpDJ7Taj,0.0,0.0,1.0,0.0,14
FoxNews,Wed Jun 06 23:42:03 +0000 2018,.@FloydMayweather tops Forbes' list as the highest-paid athlete. (via @MRichardson713) https://t.co/RhlxHu0Dz0,0.5106,0.248,0.752,0.0,15
FoxNews,Wed Jun 06 23:39:50 +0000 2018,".@newtgingrich: ""I think among Republicans, [@POTUS] is probably the most popular president at this stage of any Re‚Ä¶ https://t.co/lYMnsNP6SD",0.4754,0.147,0.853,0.0,16
FoxNews,Wed Jun 06 23:31:14 +0000 2018,UPDATE: Alice Johnson has been released from federal prison after a commutation from @POTUS and lobbying from‚Ä¶ https://t.co/N8OORmx43s,-0.5574,0.0,0.765,0.235,17
FoxNews,Wed Jun 06 23:25:22 +0000 2018,".@GovMikeHuckabee: ""A lot of the people that we're incarcerating, we need to be putting them in treatment centers.""‚Ä¶ https://t.co/F5lIoT3iQG",0.0,0.0,1.0,0.0,18
FoxNews,Wed Jun 06 23:19:14 +0000 2018,"Sen. @LindseyGrahamSC on Deputy AG Rod Rosenstein and the Mueller probe: ""I don't know how you can oversee an inves‚Ä¶ https://t.co/c9MOHfaKuc",0.0,0.0,1.0,0.0,19
FoxNews,Wed Jun 06 23:13:02 +0000 2018,".@JonahNRO on Singapore summit: ""I think the best you can get out of this is just to determine whether or not the N‚Ä¶ https://t.co/nIzHW12Oyx",0.6369,0.154,0.846,0.0,20
FoxNews,Wed Jun 06 23:09:56 +0000 2018,".@LindseyGrahamSC on the FBI's handling of events surrounding the 2016 election: ""We'll see what the [inspector gen‚Ä¶ https://t.co/k9pHsbjXHf",0.0,0.0,1.0,0.0,21
FoxNews,Wed Jun 06 23:01:20 +0000 2018,".@SusanPage on Singapore summit: ""I can't imagine that on June 12th they're going to reach a verifiable, in concret‚Ä¶ https://t.co/SKiViKKSCF",0.0258,0.058,0.942,0.0,22
FoxNews,Wed Jun 06 23:01:15 +0000 2018,South Carolina prisons using drones to combat contraband deliveries. https://t.co/TF55LNstkH,-0.34,0.0,0.789,0.211,23
FoxNews,Wed Jun 06 22:54:46 +0000 2018,Bumper car catches on fire at North Carolina amusement park https://t.co/gGPRXhTG2e,0.0258,0.18,0.647,0.173,24
FoxNews,Wed Jun 06 22:51:13 +0000 2018,This @GrandCanyonNPS squirrel had no shame in asking a tourist for a quick drink. https://t.co/HkNTcPQgsP,-0.6486,0.0,0.675,0.325,25
FoxNews,Wed Jun 06 22:44:18 +0000 2018,"Belmont Stakes horses to watch, from Triple Crown hopeful Justify to Gronkowski https://t.co/MphMxG8cg1",0.5106,0.216,0.784,0.0,26
FoxNews,Wed Jun 06 22:35:55 +0000 2018,"Trump forced Kim Jong Un to 'beg' for meeting, Giuliani says https://t.co/mcs3ELY43J",-0.4588,0.0,0.786,0.214,27
FoxNews,Wed Jun 06 22:32:10 +0000 2018,"GERBER BABIES UNITE: One-year-old Lucas Warren, the newest Gerber Baby, recently met with 91-year-old Ann Turner Co‚Ä¶ https://t.co/gSCx56Td7v",0.0,0.0,1.0,0.0,28
FoxNews,Wed Jun 06 22:26:05 +0000 2018,'A Sanctuary City': Philadelphia Mayor Kenney Dances to Celebrate Court Win Against Trump https://t.co/hzd4V8KVOl,0.8176,0.385,0.615,0.0,29
FoxNews,Wed Jun 06 22:15:31 +0000 2018,.@SenateMajLdr cancels Senate's traditional August recess. @MikeEmanuelFox has the story. #SpecialReport‚Ä¶ https://t.co/hTkXhrO9OI,-0.2263,0.0,0.853,0.147,30
FoxNews,Wed Jun 06 22:09:29 +0000 2018,"South Carolina restaurant manager pleads guilty to enslaving, abusing mentally challenged black worker https://t.co/9dezylDRSC",-0.7351,0.0,0.604,0.396,31
FoxNews,Wed Jun 06 22:06:02 +0000 2018,"OPINION: California breaks Democrats' hearts: 'Big, blue shutout' fails and other takeaways from Tuesday's primaries https://t.co/8mub9U2SiW",-0.4215,0.0,0.843,0.157,32
FoxNews,Wed Jun 06 21:56:33 +0000 2018,".@JesseBWatters on @BillClinton: ""Only a Democrat can get a do-over in the mainstream media."" #TheFive‚Ä¶ https://t.co/NqSSKZoJNC",0.0,0.0,1.0,0.0,33
FoxNews,Wed Jun 06 21:51:03 +0000 2018,"Missouri men bound, set woman on fire when she refused to give combination to safe, police say. https://t.co/3pzD9sf6s1",-0.1779,0.129,0.667,0.204,34
FoxNews,Wed Jun 06 21:43:49 +0000 2018,"Severed rattlesnake head bites Texas man, nearly kills him. https://t.co/wlq7vCuvXJ",-0.7184,0.0,0.571,0.429,35
FoxNews,Wed Jun 06 21:34:40 +0000 2018,"Kim Jong Un is terrified someone will kill him at the Singapore summit, report says
https://t.co/CSRoHfKShI",-0.8658,0.0,0.617,0.383,36
FoxNews,Wed Jun 06 21:27:45 +0000 2018,"'Highly partisan' Mueller team is trying hard to 'frame' @POTUS, Giuliani says in Israel.
https://t.co/l1HOa4rGAl",-0.1027,0.0,0.909,0.091,37
FoxNews,Wed Jun 06 21:20:13 +0000 2018,.@greggutfeld on the upcoming North Korea summit. https://t.co/Vio4w2SKAj,0.0,0.0,1.0,0.0,38
FoxNews,Wed Jun 06 21:16:46 +0000 2018,".@kimguilfoyle: ""If ultimately the goal gets achieved, and they accomplish something, and they're able to denuclear‚Ä¶ https://t.co/oUcoa9g03C",0.4215,0.149,0.851,0.0,39
FoxNews,Wed Jun 06 21:09:07 +0000 2018,"It wasn't the McCain joke, but the subsequent response, that cost former White House aide Kelly Sadler her job. https://t.co/OpuFc1wyED",-0.1139,0.0,0.929,0.071,40
FoxNews,Wed Jun 06 21:01:56 +0000 2018,"Stormy Daniels sues her former lawyer, says he became 'puppet' for Trump  https://t.co/nHQaf4Kpwc",0.0,0.0,1.0,0.0,41
FoxNews,Wed Jun 06 21:00:46 +0000 2018,".@RandPaul: ""Trade is largely beneficial to this country and one of the things that people misinterpret is they tal‚Ä¶ https://t.co/SPUm7nZE5q",0.4404,0.132,0.868,0.0,42
FoxNews,Wed Jun 06 20:59:48 +0000 2018,"Manchin says he regrets Clinton support, could back Trump in 2020 https://t.co/YnAQ7C97PV",0.0516,0.178,0.658,0.164,43
FoxNews,Wed Jun 06 20:39:50 +0000 2018,".@RandPaul on NK summit: ""I think it's a mistake to start using national security wavers to invoke tariffs on allie‚Ä¶ https://t.co/ijkws6eDsJ",0.0,0.105,0.789,0.105,44
FoxNews,Wed Jun 06 20:32:36 +0000 2018,RT @FoxBusiness: #StockAlert: The Dow Jones Industrial Average ends at session highs; New record closes for Nasdaq and Russell 2000 for the‚Ä¶,0.0,0.0,1.0,0.0,45
FoxNews,Wed Jun 06 20:29:54 +0000 2018,Rep. Daniel Webster: Trump takes action to improve veterans‚Äô health care https://t.co/iC58PQY27p,0.7269,0.379,0.621,0.0,46
FoxNews,Wed Jun 06 20:24:25 +0000 2018,.@IHOP says it's changing iconic name; pancake lovers flip out https://t.co/9qLNy1GLlV,0.5267,0.254,0.746,0.0,47
FoxNews,Wed Jun 06 20:21:19 +0000 2018,".@AshWebsterFBN on tariffs: ""We're prideful now that we're finally firing back in a trade war that's gone on for de‚Ä¶ https://t.co/3d6oza3Ohv",-0.743,0.0,0.741,0.259,48
FoxNews,Wed Jun 06 20:16:17 +0000 2018,"Mark Penn: ""These tariffs go right to the sweet spot of Indiana through Pennsylvania. And so it's important that De‚Ä¶ https://t.co/tcDOGNRA5i",0.6222,0.211,0.789,0.0,49
FoxNews,Wed Jun 06 20:13:27 +0000 2018,".@cvpayne on G7 summit: ""The markets certainly sense that @POTUS is gonna get something huge here...We're in a hot‚Ä¶ https://t.co/aSoHGpf2XD",0.5719,0.217,0.783,0.0,50
FoxNews,Wed Jun 06 20:07:58 +0000 2018,Stocks surging despite trade war fears. @TeamCavuto https://t.co/mbiIkoLFHd https://t.co/8RfpLQbU0g,0.6681,0.439,0.561,0.0,51
FoxNews,Wed Jun 06 20:07:15 +0000 2018,President @realDonaldTrump to meet with leaders of Europe and Canada amid fears of trade war. @BlakeBurman has the‚Ä¶ https://t.co/PSSPvwHvAa,-0.7717,0.0,0.717,0.283,52
FoxNews,Wed Jun 06 20:04:12 +0000 2018,Lobbying for Trump pardons hits a fever pitch https://t.co/jkBHaPk1I1,0.2263,0.232,0.632,0.137,53
FoxNews,Wed Jun 06 19:54:04 +0000 2018,Bill to allow importing of exotic animals for hunting shut down by Rhode Island lawmakers. https://t.co/wNHPrL0sQM,0.2263,0.112,0.888,0.0,54
FoxNews,Wed Jun 06 19:46:20 +0000 2018,Four ISIS terrorists are dead after U.S. airstrikes in Libya today. @ShepNewsTeam https://t.co/ScC3r7H6tS,-0.8555,0.0,0.567,0.433,55
FoxNews,Wed Jun 06 19:42:35 +0000 2018,Investigators in Virginia say a soldier was on drugs when he stole an armored vehicle and led police on a chase for‚Ä¶ https://t.co/OTsagIHek6,0.0,0.0,1.0,0.0,56
FoxNews,Wed Jun 06 19:37:07 +0000 2018,OPINION: Dear Kate Spade: Your handbags (and earmuffs) brought us so much joy -- I'm sorry you were so sad https://t.co/lYmrQZwkAk,0.3372,0.231,0.587,0.183,57
FoxNews,Wed Jun 06 19:36:17 +0000 2018,Congressional letters obtained by Fox News show that former FBI Deputy Director Andrew McCabe wants a special statu‚Ä¶ https://t.co/zVY4VthtQL,0.4019,0.137,0.863,0.0,58
FoxNews,Wed Jun 06 19:33:33 +0000 2018,"Army prototypes new self-powering 'Iron Man' soldier suits.
https://t.co/T57D4DJuTh",0.0,0.0,1.0,0.0,59
FoxNews,Wed Jun 06 19:23:34 +0000 2018,Who is John Cox? 3 things to know about the Republican California governor hopeful. https://t.co/ELRROn5jlf,0.5106,0.202,0.798,0.0,60
FoxNews,Wed Jun 06 19:17:54 +0000 2018,"DOJ fires back at Dems' claim of political bias over immigration judge hiring - via @brookefoxnews 
https://t.co/a12qLY8Kn6",-0.1027,0.0,0.915,0.085,61
FoxNews,Wed Jun 06 19:15:30 +0000 2018,Florida's 'city of the future' is the first solar-powered town in America. https://t.co/F53RUT2hPq,0.0,0.0,1.0,0.0,62
FoxNews,Wed Jun 06 19:10:21 +0000 2018,"Delaware boy dreams of becoming a police officer after a trooper helps his family.
https://t.co/WECrKqh7RH",0.6486,0.325,0.675,0.0,63
FoxNews,Wed Jun 06 19:04:56 +0000 2018,".@POTUS on @FLOTUS during a @FEMA briefing: ""She went through a little rough patch, but she's doing great and we're‚Ä¶ https://t.co/5QXbBVHcte",0.7684,0.239,0.761,0.0,64
FoxNews,Wed Jun 06 19:00:00 +0000 2018,Illegal immigrant making pizza delivery at New York's Fort Hamilton arrested by ICE https://t.co/9w0ZJ0aAXt,-0.7717,0.0,0.642,0.358,65
FoxNews,Wed Jun 06 18:51:24 +0000 2018,RT @foxnewscareers: Fox News is partnering with Facebook Watch to provide viewers with high quality and timely news. If you're a Content Pr‚Ä¶,0.0,0.0,1.0,0.0,66
FoxNews,Wed Jun 06 18:46:43 +0000 2018,".@stevestivers on California primaries: ""We tested our turnout messages, and they worked. We had more Republican tu‚Ä¶ https://t.co/N2qSqI7Zia",0.0,0.0,1.0,0.0,67
FoxNews,Wed Jun 06 18:41:07 +0000 2018,".@GavinNewsom to face John Cox in California governor's race in November. @pdoocy has the story from Del Mar, Calif‚Ä¶ https://t.co/Jzr9rUD9J9",0.0,0.0,1.0,0.0,68
FoxNews,Wed Jun 06 18:40:16 +0000 2018,"Before signing the VA Mission Act of 2018 today, President @realDonaldTrump praised America's veterans and promised‚Ä¶ https://t.co/JdCG3SWGHO",0.4939,0.167,0.833,0.0,69
FoxNews,Wed Jun 06 18:37:15 +0000 2018,"San Diego Padres fan catches foul ball in beer cup, celebrates by chugging drink  https://t.co/qmzMW3MISE",0.7184,0.316,0.684,0.0,70
FoxNews,Wed Jun 06 18:34:42 +0000 2018,".@POTUS on trade: ""We have the worst deals ever made. NAFTA is a disaster. World Trade Organization is a disaster."" https://t.co/U3TkJ6DN4k",-0.8481,0.0,0.675,0.325,71
FoxNews,Wed Jun 06 18:24:03 +0000 2018,".@POTUS: ""We have $1.6 billion being spent on phase one of the wall."" https://t.co/fwK0CQxlrd",0.0,0.0,1.0,0.0,72
FoxNews,Wed Jun 06 18:22:41 +0000 2018,".@POTUS: ""We're now exporting energy for the first time."" https://t.co/3u9wim7HF3",0.2732,0.189,0.811,0.0,73
FoxNews,Wed Jun 06 18:19:43 +0000 2018,".@POTUS: ""We have the worst trade deals ever made and we're gonna have now fair trade deals."" https://t.co/Oqp6JNC2PZ",-0.4215,0.103,0.714,0.183,74
FoxNews,Wed Jun 06 18:18:19 +0000 2018,.@POTUS and @FLOTUS participate in a FEMA Hurricane briefing.  https://t.co/NbfBlPj0jr,0.0,0.0,1.0,0.0,75
FoxNews,Wed Jun 06 18:13:05 +0000 2018,.@SenTedCruz/@SenAlexander survey of priorities. @dailybriefing https://t.co/7G9a0p6BV5,0.0,0.0,1.0,0.0,76
FoxNews,Wed Jun 06 18:11:58 +0000 2018,".@tedcruz: ""In the last year and a half we've accomplished a tremendous amount."" @dailybriefing https://t.co/urRb8y2y8s",0.4404,0.195,0.805,0.0,77
FoxNews,Wed Jun 06 18:05:00 +0000 2018,"Nevada girl, 10, honored for shielding her young relatives from barrage of gunfire in Walmart parking lot (via‚Ä¶ https://t.co/oTQJ29a2j2",0.5859,0.174,0.826,0.0,78
FoxNews,Wed Jun 06 18:02:23 +0000 2018,Teacher removed from school after being accused of taking bribes from students. https://t.co/KUCK7qrjZG,-0.296,0.0,0.845,0.155,79
FoxNews,Wed Jun 06 17:49:26 +0000 2018,".@newtgingrich: ""It's a traffic jam [@TheDemocrats] created."" #OutnumberedOT https://t.co/h1UrQ0vBaG",0.0,0.0,1.0,0.0,80
FoxNews,Wed Jun 06 17:45:15 +0000 2018,Woman pleads guilty to making up rape allegations against two college football players https://t.co/tNyBNuwGvI,-0.8176,0.0,0.615,0.385,81
FoxNews,Wed Jun 06 17:34:05 +0000 2018,Rainbow spotted in crater of Hawaii's Kilauea volcano https://t.co/PE9rSHJX1s,0.0,0.0,1.0,0.0,82
FoxNews,Wed Jun 06 17:31:36 +0000 2018,Moments ago @KimKardashian tweeted out about President @realDonaldTrump commuting the life sentence for Alice Marie‚Ä¶ https://t.co/l403p01bMp,0.0772,0.08,0.92,0.0,83
FoxNews,Wed Jun 06 17:29:38 +0000 2018,"Ex-Dem IT aide Imran Awan poised for plea deal, after months of mysterious delays https://t.co/E7biBroQjy",0.25,0.125,0.875,0.0,84
FoxNews,Wed Jun 06 17:16:20 +0000 2018,".@mattgaetz: ""Andrew McCabe was leaking to the @WSJ about the nature of the @HillaryClinton investigation trying to‚Ä¶ https://t.co/WxPr4vYQL8",0.0,0.0,1.0,0.0,85
FoxNews,Wed Jun 06 17:12:02 +0000 2018,"""They put everything on the line for us, and when they come home, we must do everything that we can possibly do for‚Ä¶ https://t.co/gf9YD4VVMI",0.0,0.0,1.0,0.0,86
FoxNews,Wed Jun 06 17:05:55 +0000 2018,House Democratic leaders hold a news conference https://t.co/c2z9oGBVlg,0.0,0.0,1.0,0.0,87
FoxNews,Wed Jun 06 17:05:00 +0000 2018,"""No one who defends our country in uniform should have to fight for their lives when they come back.""

WATCH:‚Ä¶ https://t.co/JL8WsrdLKe",-0.5859,0.0,0.798,0.202,88
FoxNews,Wed Jun 06 17:00:01 +0000 2018,".@newtgingrich: ""65% of Californians say that the state's too expensive in terms of cost of living."" #Outnumbered https://t.co/oINfMOvVnX",0.0,0.0,1.0,0.0,89
FoxNews,Wed Jun 06 16:51:28 +0000 2018,BREAKING NEWS: @POTUS commutes sentence of woman serving drug-related life term after @KimKardashian meeting‚Ä¶ https://t.co/xqg80RbprU,0.0772,0.085,0.915,0.0,90
FoxNews,Wed Jun 06 16:49:26 +0000 2018,MOMENTS AGO: President @realDonaldTrump signs V.A. Mission Act of 2018. https://t.co/tQuOhawuzK,0.0,0.0,1.0,0.0,91
FoxNews,Wed Jun 06 16:47:22 +0000 2018,Breaking News: @POTUS commutes sentence of woman serving drug-related life term after Kim Kardashian meeting https://t.co/asGF4W6mHH,0.0772,0.08,0.92,0.0,92
FoxNews,Wed Jun 06 16:43:15 +0000 2018,".@POTUS: ""They put everything on the line for us, and when they come home, we must do everything that we can possib‚Ä¶ https://t.co/OBw00Gbpc1",0.0,0.0,1.0,0.0,93
FoxNews,Wed Jun 06 16:40:36 +0000 2018,".@POTUS: ""For 30, 40 years they've been trying to get this done and they haven't been able to and we got it done."" https://t.co/efUH84dlFr",0.0,0.0,1.0,0.0,94
FoxNews,Wed Jun 06 16:38:26 +0000 2018,".@POTUS: ""As a candidate for president, I promised to make reforming the VA one of my absolute highest priorities,‚Ä¶ https://t.co/ZW2ZXhwyWp",0.3612,0.128,0.872,0.0,95
FoxNews,Wed Jun 06 16:36:40 +0000 2018,".@POTUS: ""No one who defends our country in uniform should have to fight for their lives when they come back."" https://t.co/KWz2sCbAe9",-0.5859,0.0,0.798,0.202,96
FoxNews,Wed Jun 06 16:32:56 +0000 2018,".@POTUS: ""We got $1.6 billion - we've already started the wall on the Southern border."" https://t.co/Eeo35SgcEN",0.0,0.0,1.0,0.0,97
FoxNews,Wed Jun 06 16:31:29 +0000 2018,".@POTUS: ""We just got $700 billion for our military."" https://t.co/tmFkcPrTZK",0.0,0.0,1.0,0.0,98
FoxNews,Wed Jun 06 16:30:21 +0000 2018,".@POTUS to veterans: ""You fulfilled your duty to our nation with tremendous loyalty and courage."" https://t.co/N8REK1s1k0",0.743,0.31,0.69,0.0,99
FoxNews,Wed Jun 06 16:28:41 +0000 2018,".@POTUS signs the ""VA Mission Act of 2018"" in the Rose Garden at the @WhiteHouse https://t.co/NkLh9PDX37",0.0,0.0,1.0,0.0,100
NYTimes,Thu Jun 07 01:32:07 +0000 2018,RT @bydanielvictor: Sometimes you show up at work and somehow you find yourself explaining the War of 1812 https://t.co/xqynJNwAWJ,-0.5994,0.0,0.822,0.178,1
NYTimes,Thu Jun 07 01:17:05 +0000 2018,Evening Briefing: Here's what you need to know at the end of the day https://t.co/6vfzdycob7,0.0,0.0,1.0,0.0,2
NYTimes,Thu Jun 07 01:02:02 +0000 2018,NBA Finals: Live updates as the Golden State Warriors head into Game 3 against the Cleveland Cavaliers with a 2-0 l‚Ä¶ https://t.co/cyJ1zHT5IM,0.0,0.0,1.0,0.0,3
NYTimes,Thu Jun 07 00:47:06 +0000 2018,"The New Yorker's staff members have unionized, saying the magazine ‚Äúmust work harder for its employees‚Äù https://t.co/VdYV8AAJPk",0.0,0.0,1.0,0.0,4
NYTimes,Thu Jun 07 00:43:25 +0000 2018,"RT @NYTSports: As LeBron James makes his eighth straight appearance in the N.B.A. finals, his trip through the playoffs this spring has had‚Ä¶",0.2263,0.079,0.921,0.0,5
NYTimes,Thu Jun 07 00:32:06 +0000 2018,Susan Sontag once called him ‚Äúthe greatest writer ever produced in Latin America‚Äù https://t.co/KfqgWtkG5A,0.6369,0.244,0.756,0.0,6
NYTimes,Thu Jun 07 00:17:05 +0000 2018,"RT @brooksbarnesNYT: My obit on Jerry Maren, the last of the dwarfs who played Munchkins in ""The Wizard of Oz."" He also had a major career‚Ä¶",0.34,0.091,0.909,0.0,7
NYTimes,Thu Jun 07 00:02:05 +0000 2018,Democrats enhanced their prospects for winning control of the House in Tuesday‚Äôs coast-to-coast primaries https://t.co/9yrvzYBGl1,0.6808,0.301,0.699,0.0,8
NYTimes,Wed Jun 06 23:47:07 +0000 2018,"The poet Lawrence Ferlinghetti will publish a semi-autobiographical novel next year, timed to his 100th birthday https://t.co/pMsKwFMlex",0.3182,0.133,0.867,0.0,9
NYTimes,Wed Jun 06 23:31:06 +0000 2018,Rarely has one of the NBA's supreme players chased a championship with less help than LeBron James https://t.co/LsWAXWOVVd,0.8363,0.389,0.611,0.0,10
NYTimes,Wed Jun 06 23:17:02 +0000 2018,"Full results and maps from the California primaries
https://t.co/gN6FsjEYgb",0.0,0.0,1.0,0.0,11
NYTimes,Wed Jun 06 23:02:03 +0000 2018,A lawsuit brought by Stormy Daniels reveals text messages between Michael Cohen and her former lawyer discussing an‚Ä¶ https://t.co/EW3YPOKFtd,-0.2263,0.0,0.899,0.101,12
NYTimes,Wed Jun 06 22:47:04 +0000 2018,Evening Briefing: Here's what you need to know at the end of the day https://t.co/DHbVsdo1pA,0.0,0.0,1.0,0.0,13
NYTimes,Wed Jun 06 22:35:00 +0000 2018,"Kate Spade's husband, Andy, released a statement about his wife's death https://t.co/xyGI71ZrVm",-0.5994,0.0,0.719,0.281,14
NYTimes,Wed Jun 06 22:17:07 +0000 2018,"RT @nytfood: The chef April Bloomfield will get 4 restaurants in her split from Ken Friedman, who‚Äôs accused of sexually harassing employees‚Ä¶",-0.6908,0.0,0.769,0.231,15
NYTimes,Wed Jun 06 22:17:06 +0000 2018,"Betsy DeVos halted relieving the debt of some student borrowers who were defrauded by the Corinthian Colleges, afte‚Ä¶ https://t.co/JImltX7hCA",0.0,0.114,0.773,0.114,16
NYTimes,Wed Jun 06 22:02:04 +0000 2018,RT @VVFriedman: Exclusive: Kate Spade's husband Andy talks for the first time about his wife's death: ‚ÄòThere Was No Indication and No Warni‚Ä¶,-0.7783,0.052,0.66,0.288,17
NYTimes,Wed Jun 06 21:47:02 +0000 2018,"The husband of the influential designer Kate Spade, who died of suicide, said she had been treated for severe depre‚Ä¶ https://t.co/XH2dW5HOAF",-0.8316,0.095,0.556,0.35,18
NYTimes,Wed Jun 06 21:31:05 +0000 2018,"‚ÄúEveryone knows the saying, ‚ÄòHate that I love you.‚Äô Well, that is the 2018 NBA finals summed up.‚Äù https://t.co/YvypgiuHKV",0.743,0.283,0.717,0.0,19
NYTimes,Wed Jun 06 21:21:00 +0000 2018,Many other employees at the American Consulate in the southern Chinese city of Guangzhou and their family members a‚Ä¶ https://t.co/k5DWi0oZPH,0.0,0.0,1.0,0.0,20
NYTimes,Wed Jun 06 21:07:04 +0000 2018,Breaking News: More State Dept. employees have fallen ill after hearing strange noises. The crisis has spread to Ch‚Ä¶ https://t.co/vZxSH4v4ff,-0.8807,0.0,0.588,0.412,21
NYTimes,Wed Jun 06 21:01:03 +0000 2018,"RT @Nate_Cohn: California take-away: the race is going as expected, with the noted and discussed exception of CA-21 https://t.co/fazs4ar1SC",0.0,0.0,1.0,0.0,22
NYTimes,Wed Jun 06 20:50:04 +0000 2018,"Jordan Roth has become Broadway‚Äôs singular showman, pushing the boundaries of what it means ‚Äî and looks like ‚Äî to b‚Ä¶ https://t.co/lXVnt5HYYX",0.3612,0.116,0.884,0.0,23
NYTimes,Wed Jun 06 20:40:03 +0000 2018,"Before the hit television series, movie and sequel, ""Sex and the City"" was a newspaper column https://t.co/FWli7BOPbT",0.0,0.0,1.0,0.0,24
NYTimes,Wed Jun 06 20:30:01 +0000 2018,"RT @NYTNational: ""Eat a good breakfast then go and dismantle the patriarchy."" A 19-year-old reader shares her advice for graduating student‚Ä¶",0.6249,0.231,0.769,0.0,25
NYTimes,Wed Jun 06 20:20:07 +0000 2018,Greece has declared an economic recovery. Try telling that to the doctors and engineers who fled years ago and have‚Ä¶ https://t.co/YZjdsbJvJF,0.0,0.0,1.0,0.0,26
NYTimes,Wed Jun 06 20:10:06 +0000 2018,‚ÄúI‚Äôm sitting here and being subjected to frankly ridiculous accusations based on the most tenuous connections that‚Ä¶ https://t.co/w9PHTTDjaH,-0.5859,0.0,0.769,0.231,27
NYTimes,Wed Jun 06 20:00:07 +0000 2018,"‚ÄúWe voted that sexual violence, including campus sexual violence, must be taken seriously by our elected officials,‚Ä¶ https://t.co/CMYXLIfMO5",-0.872,0.0,0.602,0.398,28
NYTimes,Wed Jun 06 19:50:05 +0000 2018,"RT @nytpolitics: In a letter to senior Trump administration officials, European leaders asked for an exemption from sanctions on Iran https‚Ä¶",0.0,0.0,1.0,0.0,29
NYTimes,Wed Jun 06 19:40:03 +0000 2018,"""Kim Cattrall‚Äôs real voice is as unlike the voice of Samantha Jones as a late October morning is unlike a Fourth of‚Ä¶ https://t.co/Ggg0WvCoY6",0.0,0.0,1.0,0.0,30
NYTimes,Wed Jun 06 19:30:07 +0000 2018,California primary election results https://t.co/om61zaCPNx,0.0,0.0,1.0,0.0,31
NYTimes,Wed Jun 06 19:20:08 +0000 2018,"RT @kevinroose: I hated the scooter craze from afar. Then I went to LA and tried them, and now I want a scooter permanently attached to my‚Ä¶",-0.6705,0.048,0.738,0.214,32
NYTimes,Wed Jun 06 19:10:05 +0000 2018,U.S. Soccer has hired Earnie Stewart as the national team's general manager. His mission: to build a team that can‚Ä¶ https://t.co/om9LJPS4AB,0.0,0.0,1.0,0.0,33
NYTimes,Wed Jun 06 19:00:03 +0000 2018,"RT @declanwalsh: Intimidation, abduction and an assault on social media. Can Pakistan's election be free when the journalists covering it a‚Ä¶",-0.7964,0.107,0.554,0.339,34
NYTimes,Wed Jun 06 18:50:08 +0000 2018,Hurricanes are lingering longer. That makes them more dangerous. https://t.co/ibTs2XeJQM https://t.co/3966lHbOuP,-0.5256,0.0,0.747,0.253,35
NYTimes,Wed Jun 06 18:40:07 +0000 2018,"""I've made this dish twice now and, just like other posters here, it was completely gone by the end of the meal"" ‚Äî‚Ä¶ https://t.co/TsFtKK2Xn2",0.3612,0.098,0.902,0.0,36
NYTimes,Wed Jun 06 18:30:05 +0000 2018,He ordered his uncle executed and half brother assassinated. He spent millions developing a hydrogen bomb and ICBMs‚Ä¶ https://t.co/EcQ06Izzom,-0.4939,0.0,0.842,0.158,37
NYTimes,Wed Jun 06 18:20:05 +0000 2018,Democratic candidates in California‚Äôs 7 most competitive House races are set to advance to the general election and‚Ä¶ https://t.co/maodvYh832,0.2484,0.105,0.895,0.0,38
NYTimes,Wed Jun 06 18:10:06 +0000 2018,"RT @joecoscarelli: spoke to @TierraWhack, the word-of-mouth artist of the moment, about her 15-song, 15-minute debut https://t.co/TvXWl6d0d‚Ä¶",0.0,0.0,1.0,0.0,39
NYTimes,Wed Jun 06 18:00:09 +0000 2018,"""First we were students. Then survivors. Now family."" Read how a Parkland class where 1 in 4 students were struck b‚Ä¶ https://t.co/qjiUg9KFRT",-0.25,0.0,0.9,0.1,40
NYTimes,Wed Jun 06 17:50:05 +0000 2018,"RT @nytopinion: ‚ÄúThe vast majority of the Eagles team decided to abandon their fans,‚Äù Sarah Huckabee Sanders said.

Hardly, says Glen Macno‚Ä¶",-0.4404,0.0,0.879,0.121,41
NYTimes,Wed Jun 06 17:40:08 +0000 2018,What Kate Spade stood for https://t.co/Oz6FiUaOcI https://t.co/bw51tvcEB2,0.0,0.0,1.0,0.0,42
NYTimes,Wed Jun 06 17:30:05 +0000 2018,"‚ÄúA lump might gather in your throat during the opening titles, and dissolve into sniffles and sobs as the final cre‚Ä¶ https://t.co/deGVm8GNQU",-0.5423,0.0,0.857,0.143,43
NYTimes,Wed Jun 06 17:20:06 +0000 2018,"President Trump: ‚ÄúThe Fake News Media has been so unfair, and vicious, to my wife and our great First Lady, Melania‚Äù https://t.co/azUzOjG0IO",-0.6961,0.128,0.563,0.308,44
NYTimes,Wed Jun 06 17:10:08 +0000 2018,California primary election results https://t.co/4kFTjFY03i,0.0,0.0,1.0,0.0,45
NYTimes,Wed Jun 06 16:58:21 +0000 2018,President Trump commuted the sentence of a woman serving life in prison on a drug conviction after he was lobbied b‚Ä¶ https://t.co/MBHJIOxkyl,-0.4588,0.058,0.796,0.146,46
NYTimes,Wed Jun 06 16:50:04 +0000 2018,The Roy Lichtenstein Foundation is giving around 400 artworks ‚Äî about half its holdings ‚Äî to the Whitney Museum https://t.co/W9BcGaCued,0.34,0.124,0.876,0.0,47
NYTimes,Wed Jun 06 16:40:10 +0000 2018,"San Francisco's new ban on the selling of flavored tobacco products, including menthol cigarettes, is said to be th‚Ä¶ https://t.co/GpAdc7wQqs",-0.5574,0.0,0.841,0.159,48
NYTimes,Wed Jun 06 16:30:14 +0000 2018,RT @nytopinion: Scott Pruitt has once again been burnishing his reputation as the Trump administration‚Äôs biggest grifter https://t.co/HvrWp‚Ä¶,0.0,0.0,1.0,0.0,49
NYTimes,Wed Jun 06 16:20:07 +0000 2018,"50 years ago, feminists protested the Miss America pageant by throwing bras and girdles into a trash can. Now,‚Ä¶ https://t.co/T1XFqkzESw",-0.2732,0.0,0.846,0.154,50
NYTimes,Wed Jun 06 16:10:03 +0000 2018,"A lot remains to be seen, but here‚Äôs what we know so far about the California primary https://t.co/A2LspQirrT",0.0,0.0,1.0,0.0,51
NYTimes,Wed Jun 06 16:00:09 +0000 2018,"RT @NYTmag: 24 couples, 24 hours, 24 covers. On a single day in May, @NYTmag captured couples kissing in a truck, photographing them as the‚Ä¶",0.5719,0.144,0.856,0.0,52
NYTimes,Wed Jun 06 15:50:04 +0000 2018,"Kanye West‚Äôs ""Ye"" is here. Let‚Äôs discuss. https://t.co/Tx4gaxZyN7 https://t.co/t8N6qhpPzc",0.0,0.0,1.0,0.0,53
NYTimes,Wed Jun 06 15:40:07 +0000 2018,"Their class was one of the hardest hit during the Parkland school shooting. Now, those who made it are trying to he‚Ä¶ https://t.co/geZ4iRF0Bv",0.0,0.0,1.0,0.0,54
NYTimes,Wed Jun 06 15:28:28 +0000 2018,Breaking News: Paul Ryan dismissed President Trump‚Äôs charge of a spy in his campaign and warned against his pardoni‚Ä¶ https://t.co/LDgUqXio1q,-0.2732,0.0,0.896,0.104,55
NYTimes,Wed Jun 06 15:20:13 +0000 2018,"RT @nytimesarts: ""Sex and the City"" premiered on HBO 20 years ago today. Here is the first New York Times article referencing the show. htt‚Ä¶",0.0,0.0,1.0,0.0,56
NYTimes,Wed Jun 06 15:10:06 +0000 2018,"The yacht at the center of Britain's costliest divorce has a spa, a swimming pool, two heliports and room for 18 gu‚Ä¶ https://t.co/wfwHQF0dJD",0.0,0.0,1.0,0.0,57
NYTimes,Wed Jun 06 15:00:21 +0000 2018,"The NYT review of ""Ocean's 8"" https://t.co/Sa7qjHrZP4",0.0,0.0,1.0,0.0,58
NYTimes,Wed Jun 06 14:50:08 +0000 2018,RT @abscribe: Spent some time with a remarkable group of #MSD students from one history class. A story about healing.  ‚ÄòAre We Going to Die‚Ä¶,0.5574,0.141,0.859,0.0,59
NYTimes,Wed Jun 06 14:40:08 +0000 2018,RT @tariqpanja: Went to Morocco and Holland to understand how Morocco has come to be team at this year's World Cup with the most foreign bo‚Ä¶,0.0,0.0,1.0,0.0,60
NYTimes,Wed Jun 06 14:31:06 +0000 2018,"In Opinion

The editorial board writes, ""Ambassadors do not represent a president; they represent a state, and they‚Ä¶ https://t.co/2sV7taMSVc",0.0,0.0,1.0,0.0,61
NYTimes,Wed Jun 06 14:20:06 +0000 2018,"An unknown caller falsely reported that there was someone with a weapon inside the home of David Hogg, a survivor o‚Ä¶ https://t.co/oYkhveVBFO",0.0772,0.11,0.793,0.097,62
NYTimes,Wed Jun 06 14:11:03 +0000 2018,A German far-right leader was swimming in a lake near his house when a man grabbed his clothes. The thief's parting‚Ä¶ https://t.co/jmULPWR231,0.0,0.0,1.0,0.0,63
NYTimes,Wed Jun 06 14:00:10 +0000 2018,Vladimir Putin is now casting himself as a reliable friend and trading partner to Europe as the Trump Administratio‚Ä¶ https://t.co/mLnys22EJW,0.4939,0.151,0.849,0.0,64
NYTimes,Wed Jun 06 13:50:06 +0000 2018,"Bill Clinton admitted that the ""Today"" interview ""wasn't my finest hour."" But then he doubled down on much of what‚Ä¶ https://t.co/kuFffClpwV",0.1027,0.065,0.935,0.0,65
NYTimes,Wed Jun 06 13:40:04 +0000 2018,RT @MichaelPaulson: He's one of Broadway's big three theater owners. But he's unlike any theater impresario you've seen before. A profile o‚Ä¶,0.0,0.0,1.0,0.0,66
NYTimes,Wed Jun 06 13:30:07 +0000 2018,California primary election results https://t.co/H5zUOKoq0v,0.0,0.0,1.0,0.0,67
NYTimes,Wed Jun 06 13:14:01 +0000 2018,"Gavin Newsom, the Democratic lieutenant governor and former mayor of San Francisco, took a major step in his bid to‚Ä¶ https://t.co/URxxntv4rH",0.0,0.0,1.0,0.0,68
NYTimes,Wed Jun 06 13:00:07 +0000 2018,Morning¬†Briefing: Here's what you need to know to start your day https://t.co/lM4Ml4Iq8F https://t.co/Q38v6OjOvD,0.0,0.0,1.0,0.0,69
NYTimes,Wed Jun 06 12:44:04 +0000 2018,"Aaron Persky, the California judge who sentenced Brock Turner to just six months in jail for sexually assaulting an‚Ä¶ https://t.co/NSlLMUslMi",-0.5267,0.0,0.804,0.196,70
NYTimes,Wed Jun 06 12:29:05 +0000 2018,"The Trump administration is using its envoys, ""even in our closest allies, to advance a nationalist and very aggres‚Ä¶ https://t.co/SAcdPBeSOj",0.0,0.0,1.0,0.0,71
NYTimes,Wed Jun 06 12:21:06 +0000 2018,"Senator Mitch McConnell announced that he is canceling most of the Senate‚Äôs monthlong August recess, a change that‚Ä¶ https://t.co/DU2Mppfjr6",0.0,0.0,1.0,0.0,72
NYTimes,Wed Jun 06 12:15:00 +0000 2018,"@AmyMek The reporter was accused by @AmyMek's supporters of ""doxxing"" her and her family. Then they doxxed him. ""Th‚Ä¶ https://t.co/RgFezhwnF2",0.1779,0.126,0.779,0.095,73
NYTimes,Wed Jun 06 12:12:12 +0000 2018,"@AmyMek The backlash for the restaurant was instantaneous: It played out on Twitter, on Facebook and in bogus revie‚Ä¶ https://t.co/2Lld1QkScX",0.34,0.112,0.888,0.0,74
NYTimes,Wed Jun 06 12:11:03 +0000 2018,"HuffPost wrote a profile of @AmyMek, a prolific Twitter firebrand who frequently attacks Islam. It revealed her nam‚Ä¶ https://t.co/dkbE7MMihH",-0.4404,0.0,0.847,0.153,75
NYTimes,Wed Jun 06 12:00:06 +0000 2018,"Your daily @DealBook Briefing:

‚Ä¢ Did national security take a back seat in Facebook‚Äôs data sharing?¬†

‚Ä¢ ZTE may so‚Ä¶ https://t.co/McAFeF0Ala",0.6369,0.245,0.755,0.0,76
NYTimes,Wed Jun 06 11:50:04 +0000 2018,5 takeaways from Tuesday's primary elections https://t.co/CuTUvtOC68,0.0,0.0,1.0,0.0,77
NYTimes,Wed Jun 06 11:40:04 +0000 2018,"Sean Patrick Maloney, a Hudson Valley Democrat and New York's first openly gay member of Congress, will run for New‚Ä¶ https://t.co/Acw6PJqSBf",0.0,0.0,1.0,0.0,78
NYTimes,Wed Jun 06 11:31:05 +0000 2018,"A printing error improperly left about 119,000 names off voting rosters in Los Angeles County, forcing many to cast‚Ä¶ https://t.co/8T4awtg5Ua",-0.4019,0.0,0.87,0.13,79
NYTimes,Wed Jun 06 11:14:04 +0000 2018,"Nook spent the first few years of his life in an affluent suburb. But when he returned to Baltimore, he became part‚Ä¶ https://t.co/AbkzT6PZbo",0.0,0.0,1.0,0.0,80
NYTimes,Wed Jun 06 11:00:11 +0000 2018,California primary election results https://t.co/FDlBt3Y7RQ,0.0,0.0,1.0,0.0,81
NYTimes,Wed Jun 06 10:44:06 +0000 2018,"""What's happening here is you have a president saying, 'I can do what I want to do.' Well, are you going to do it o‚Ä¶ https://t.co/z4GcIzQzPN",0.34,0.134,0.866,0.0,82
NYTimes,Wed Jun 06 10:31:03 +0000 2018,"All European Union countries must recognize same-sex marriage, at least in relation to immigration cases where one‚Ä¶ https://t.co/Vx9Z7p9gjY",0.0,0.0,1.0,0.0,83
NYTimes,Wed Jun 06 10:14:06 +0000 2018,Morning¬†Briefing: Here's what you need to know to start your day https://t.co/zx3R7ub70a https://t.co/iU0ceDkjgx,0.0,0.0,1.0,0.0,84
NYTimes,Wed Jun 06 10:03:04 +0000 2018,"""Of course it has to be led by a man"" he said, ""because it is a very challenging position"" https://t.co/LliNVBNxE8",0.2247,0.1,0.9,0.0,85
NYTimes,Wed Jun 06 09:45:02 +0000 2018,"""When you realize that your country has become a cemetery of dreams, you need to find dreams elsewhere."" Many Greek‚Ä¶ https://t.co/kaT3dbNbjD",0.6597,0.231,0.769,0.0,86
NYTimes,Wed Jun 06 09:31:07 +0000 2018,Ethiopia announced that it would accept a 2000 peace agreement with Eritrea over their disputed border https://t.co/Ruxdoq9ni2,0.7845,0.392,0.506,0.101,87
NYTimes,Wed Jun 06 09:16:03 +0000 2018,California primary election results https://t.co/Es2ZYkx9EC,0.0,0.0,1.0,0.0,88
NYTimes,Wed Jun 06 09:00:05 +0000 2018,"Alexander Gauland, the co-leader of a German anti-immigrant party, had his clothes stolen while he was swimming in‚Ä¶ https://t.co/BD1xJjJMLv",-0.128,0.123,0.731,0.146,89
NYTimes,Wed Jun 06 08:45:04 +0000 2018,"Greece's long feud with Macedonia, the Balkan neighbor that claims the same ancient name as its northern region, is‚Ä¶ https://t.co/iKBOU20WGs",-0.34,0.0,0.888,0.112,90
NYTimes,Wed Jun 06 08:30:12 +0000 2018,"The NYT review of ""Ocean's 8"" https://t.co/tZZzL1jstD",0.0,0.0,1.0,0.0,91
NYTimes,Wed Jun 06 08:14:03 +0000 2018,RT @nytimesworld: Putin disavows any desire to divide the European Union as he watches the Trump administration treat its Western allies as‚Ä¶,0.6597,0.213,0.787,0.0,92
NYTimes,Wed Jun 06 08:05:04 +0000 2018,"Here's a look at the key races in the California primary https://t.co/8IZ85kf0tq
And here are the results, as they‚Ä¶ https://t.co/Gma8JIifv5",0.0,0.0,1.0,0.0,93
NYTimes,Wed Jun 06 08:02:01 +0000 2018,"More children in Afghanistan are out of school now than a few years ago, according to a study by Unicef. Its execut‚Ä¶ https://t.co/6EzLq5TrIE",0.0,0.0,1.0,0.0,94
NYTimes,Wed Jun 06 07:45:09 +0000 2018,"Giant salamander farms in China ""are driving the extinction of most of the species by homogenizing them"" https://t.co/i4X5fbm3AI",0.0,0.0,1.0,0.0,95
NYTimes,Wed Jun 06 07:32:02 +0000 2018,"Aaron Persky, the California judge who sentenced a Stanford student to just six months in jail for sexually assault‚Ä¶ https://t.co/XElUHKQFrT",-0.0258,0.0,0.942,0.058,96
NYTimes,Wed Jun 06 07:17:03 +0000 2018,"Separating children from migrant families entering the U.S. violates their rights and international law, the UN's h‚Ä¶ https://t.co/6EqWJTorcG",-0.5106,0.0,0.837,0.163,97
NYTimes,Wed Jun 06 07:01:27 +0000 2018,"RT @nytDeniseGrady: Immunotherapy can be a lifesaver for people with cancer, but sometimes it can backfire. Here's what happened to 3 patie‚Ä¶",-0.0772,0.104,0.779,0.117,98
NYTimes,Wed Jun 06 06:54:50 +0000 2018,"California voters recalled Judge Aaron Persky, who gave a 6-month sentence for sexual assault. He's the first judge‚Ä¶ https://t.co/ohbWSHnixT",-0.5423,0.062,0.758,0.18,99
NYTimes,Wed Jun 06 06:45:03 +0000 2018,"Iran announced that it had completed a new centrifuge assembly center, in a first step to increasing its nuclear en‚Ä¶ https://t.co/X0AvNmD8ER",0.0,0.0,1.0,0.0,100
